-- phpMyAdmin SQL Dump
-- version 5.2.0
-- https://www.phpmyadmin.net/
--
-- Host: localhost
-- Generation Time: Dec 04, 2022 at 09:41 AM
-- Server version: 8.0.27
-- PHP Version: 7.4.30

SET SQL_MODE = "NO_AUTO_VALUE_ON_ZERO";
START TRANSACTION;
SET time_zone = "+00:00";

--
-- Database: `j54137ss`
--

DELIMITER $$
--
-- Procedures
--
CREATE DEFINER=`j54137ss`@`localhost` PROCEDURE `birthdays_this_month` ()   BEGIN 

	SELECT Name,dob
    FROM NIN_info
    WHERE MONTH(CURDATE()) = MONTH( STR_TO_DATE(dob, '%d/%m/%Y'));
END$$

DELIMITER ;

-- --------------------------------------------------------

--
-- Table structure for table `Area`
--

CREATE TABLE `Area` (
  `area` varchar(20) COLLATE utf8_unicode_ci NOT NULL
) ENGINE=InnoDB DEFAULT CHARSET=utf8mb3 COLLATE=utf8_unicode_ci;

-- --------------------------------------------------------

--
-- Table structure for table `Complaint`
--

CREATE TABLE `Complaint` (
  `complaint_ID` varchar(20) COLLATE utf8_unicode_ci NOT NULL,
  `date_of_complaint` varchar(20) COLLATE utf8_unicode_ci DEFAULT NULL,
  `passanger_complaints_name` varchar(20) COLLATE utf8_unicode_ci DEFAULT NULL,
  `reason` varchar(20) COLLATE utf8_unicode_ci DEFAULT NULL,
  `customer_ID` varchar(20) COLLATE utf8_unicode_ci DEFAULT NULL
) ENGINE=InnoDB DEFAULT CHARSET=utf8mb3 COLLATE=utf8_unicode_ci;

-- --------------------------------------------------------

--
-- Table structure for table `customer`
--

CREATE TABLE `customer` (
  `name` varchar(20) COLLATE utf8_unicode_ci DEFAULT NULL,
  `email` varchar(30) COLLATE utf8_unicode_ci DEFAULT NULL,
  `postal_location` varchar(30) COLLATE utf8_unicode_ci DEFAULT NULL,
  `order_ID` varchar(20) COLLATE utf8_unicode_ci NOT NULL,
  `customer_ID` varchar(20) COLLATE utf8_unicode_ci NOT NULL
) ENGINE=InnoDB DEFAULT CHARSET=utf8mb3 COLLATE=utf8_unicode_ci;

-- --------------------------------------------------------

--
-- Table structure for table `Departments`
--

CREATE TABLE `Departments` (
  `department_name` varchar(20) COLLATE utf8_unicode_ci NOT NULL,
  `department_number` int DEFAULT NULL
) ENGINE=InnoDB DEFAULT CHARSET=utf8mb3 COLLATE=utf8_unicode_ci;

--
-- Dumping data for table `Departments`
--

INSERT INTO `Departments` (`department_name`, `department_number`) VALUES
('Driver', 1),
('HR', 2),
('Packager', 3),
('Manager', 4);

-- --------------------------------------------------------

--
-- Table structure for table `Department_info`
--

CREATE TABLE `Department_info` (
  `manager_no.` int DEFAULT NULL,
  `number_of_employees` int DEFAULT NULL,
  `head_office_location` varchar(20) COLLATE utf8_unicode_ci DEFAULT NULL,
  `department_number` int NOT NULL
) ENGINE=InnoDB DEFAULT CHARSET=utf8mb3 COLLATE=utf8_unicode_ci;

--
-- Dumping data for table `Department_info`
--

INSERT INTO `Department_info` (`manager_no.`, `number_of_employees`, `head_office_location`, `department_number`) VALUES
(NULL, NULL, NULL, 1),
(NULL, NULL, NULL, 2),
(NULL, NULL, NULL, 3),
(NULL, NULL, NULL, 4);

-- --------------------------------------------------------

--
-- Table structure for table `Drivers`
--

CREATE TABLE `Drivers` (
  `driver_hours` int DEFAULT NULL,
  `employee_ID` varchar(10) COLLATE utf8_unicode_ci DEFAULT NULL,
  `s_no.` int NOT NULL,
  `warehouse_ID` varchar(20) COLLATE utf8_unicode_ci DEFAULT NULL,
  `vehicle_ID` varchar(20) COLLATE utf8_unicode_ci DEFAULT NULL,
  `route_ID` varchar(20) COLLATE utf8_unicode_ci DEFAULT NULL,
  `manager_no` int DEFAULT NULL
) ENGINE=InnoDB DEFAULT CHARSET=utf8mb3 COLLATE=utf8_unicode_ci;

--
-- Dumping data for table `Drivers`
--

INSERT INTO `Drivers` (`driver_hours`, `employee_ID`, `s_no.`, `warehouse_ID`, `vehicle_ID`, `route_ID`, `manager_no`) VALUES
(NULL, '02-4109274', 4, NULL, NULL, NULL, 7),
(NULL, '04-1386775', 6, NULL, NULL, NULL, 9),
(NULL, '04-2608361', 7, NULL, NULL, NULL, 15),
(NULL, '04-2758260', 8, NULL, NULL, NULL, 14),
(NULL, '05-1128789', 9, NULL, NULL, NULL, 9),
(NULL, '05-1945849', 10, NULL, NULL, NULL, 4),
(NULL, '05-5646283', 11, NULL, NULL, NULL, 5),
(NULL, '05-9682452', 12, NULL, NULL, NULL, 15),
(NULL, '06-3850682', 13, NULL, NULL, NULL, 11),
(NULL, '06-7381402', 14, NULL, NULL, NULL, 9),
(NULL, '08-5459846', 15, NULL, NULL, NULL, 13),
(NULL, '08-7213723', 16, NULL, NULL, NULL, 8),
(NULL, '09-2857613', 17, NULL, NULL, NULL, 14),
(NULL, '09-4856118', 18, NULL, NULL, NULL, 14),
(NULL, '10-6680137', 19, NULL, NULL, NULL, 12),
(NULL, '10-9736161', 20, NULL, NULL, NULL, 3),
(NULL, '11-5411031', 21, NULL, NULL, NULL, 8),
(NULL, '11-9162644', 22, NULL, NULL, NULL, 13),
(NULL, '14-0432288', 23, NULL, NULL, NULL, 12),
(NULL, '14-1209073', 24, NULL, NULL, NULL, 5),
(NULL, '14-9076003', 25, NULL, NULL, NULL, 4),
(NULL, '15-5837614', 26, NULL, NULL, NULL, 1),
(NULL, '15-6949928', 27, NULL, NULL, NULL, 10),
(NULL, '16-0283796', 28, NULL, NULL, NULL, 15),
(NULL, '16-1242322', 29, NULL, NULL, NULL, 12),
(NULL, '17-1342407', 30, NULL, NULL, NULL, 15),
(NULL, '17-5831110', 31, NULL, NULL, NULL, 7),
(NULL, '19-6732633', 32, NULL, NULL, NULL, 7),
(NULL, '20-3044693', 33, NULL, NULL, NULL, 11),
(NULL, '20-5440287', 34, NULL, NULL, NULL, 4),
(NULL, '20-6300983', 35, NULL, NULL, NULL, 2),
(NULL, '20-9516100', 36, NULL, NULL, NULL, 11),
(NULL, '21-1787461', 37, NULL, NULL, NULL, 1),
(NULL, '21-4089887', 38, NULL, NULL, NULL, 3),
(NULL, '22-0788973', 39, NULL, NULL, NULL, 10),
(NULL, '22-3052971', 40, NULL, NULL, NULL, 12),
(NULL, '22-7191567', 41, NULL, NULL, NULL, 12),
(NULL, '24-6851371', 42, NULL, NULL, NULL, 7),
(NULL, '25-4103329', 43, NULL, NULL, NULL, 13),
(NULL, '25-6187206', 44, NULL, NULL, NULL, 16),
(NULL, '26-0938951', 45, NULL, NULL, NULL, 8),
(NULL, '26-3324931', 46, NULL, NULL, NULL, 5),
(NULL, '26-9050326', 47, NULL, NULL, NULL, 3),
(NULL, '27-1540713', 48, NULL, NULL, NULL, 11),
(NULL, '27-8387260', 49, NULL, NULL, NULL, 15),
(NULL, '28-4979315', 50, NULL, NULL, NULL, 10),
(NULL, '29-5105992', 51, NULL, NULL, NULL, 7),
(NULL, '29-6656577', 52, NULL, NULL, NULL, 2),
(NULL, '30-2374884', 53, NULL, NULL, NULL, 5),
(NULL, '30-8953969', 54, NULL, NULL, NULL, 3),
(NULL, '31-5831645', 55, NULL, NULL, NULL, 14),
(NULL, '31-7111614', 56, NULL, NULL, NULL, 13),
(NULL, '31-8312411', 57, NULL, NULL, NULL, 10),
(NULL, '31-9709677', 58, NULL, NULL, NULL, 7),
(NULL, '32-3604971', 59, NULL, NULL, NULL, 4),
(NULL, '32-4834306', 60, NULL, NULL, NULL, 14),
(NULL, '33-1261585', 61, NULL, NULL, NULL, 14),
(NULL, '34-8601206', 62, NULL, NULL, NULL, 9),
(NULL, '35-2689059', 63, NULL, NULL, NULL, 2),
(NULL, '35-6685131', 64, NULL, NULL, NULL, 13),
(NULL, '36-1132600', 65, NULL, NULL, NULL, 13),
(NULL, '36-4190617', 66, NULL, NULL, NULL, 11),
(NULL, '36-4580826', 67, NULL, NULL, NULL, 13),
(NULL, '37-6605556', 68, NULL, NULL, NULL, 1),
(NULL, '38-1884801', 69, NULL, NULL, NULL, 12),
(NULL, '38-3647372', 70, NULL, NULL, NULL, 11),
(NULL, '38-4369228', 71, NULL, NULL, NULL, 15),
(NULL, '38-9798664', 72, NULL, NULL, NULL, 15),
(NULL, '40-1037983', 73, NULL, NULL, NULL, 11),
(NULL, '40-1136806', 74, NULL, NULL, NULL, 8),
(NULL, '40-6943405', 75, NULL, NULL, NULL, 8),
(NULL, '41-1429269', 76, NULL, NULL, NULL, 14),
(NULL, '41-3268639', 77, NULL, NULL, NULL, 14),
(NULL, '41-9645109', 78, NULL, NULL, NULL, 15),
(NULL, '42-0131259', 79, NULL, NULL, NULL, 14),
(NULL, '42-1134854', 80, NULL, NULL, NULL, 8),
(NULL, '43-2037577', 81, NULL, NULL, NULL, 15),
(NULL, '43-7385696', 82, NULL, NULL, NULL, 6),
(NULL, '43-8492699', 83, NULL, NULL, NULL, 13),
(NULL, '44-1072008', 84, NULL, NULL, NULL, 14),
(NULL, '44-4915402', 85, NULL, NULL, NULL, 14),
(NULL, '45-2811300', 86, NULL, NULL, NULL, 15),
(NULL, '45-3804689', 87, NULL, NULL, NULL, 16),
(NULL, '45-5773014', 88, NULL, NULL, NULL, 3),
(NULL, '45-6995640', 89, NULL, NULL, NULL, 12),
(NULL, '45-7500187', 90, NULL, NULL, NULL, 5),
(NULL, '46-4344763', 91, NULL, NULL, NULL, 4),
(NULL, '47-5302795', 92, NULL, NULL, NULL, 2),
(NULL, '48-1799687', 93, NULL, NULL, NULL, 14),
(NULL, '49-1036239', 94, NULL, NULL, NULL, 1),
(NULL, '49-1159362', 95, NULL, NULL, NULL, 9),
(NULL, '49-1457327', 96, NULL, NULL, NULL, 10),
(NULL, '49-5299749', 97, NULL, NULL, NULL, 6),
(NULL, '49-6102253', 98, NULL, NULL, NULL, 15),
(NULL, '49-9705882', 99, NULL, NULL, NULL, 10),
(NULL, '50-0945563', 100, NULL, NULL, NULL, 6),
(NULL, '50-5810953', 101, NULL, NULL, NULL, 12),
(NULL, '51-6967096', 102, NULL, NULL, NULL, 12),
(NULL, '51-7315582', 103, NULL, NULL, NULL, 8),
(NULL, '51-7472749', 104, NULL, NULL, NULL, 4),
(NULL, '51-9601829', 105, NULL, NULL, NULL, 10),
(NULL, '52-1336694', 106, NULL, NULL, NULL, 8),
(NULL, '52-6674444', 107, NULL, NULL, NULL, 9),
(NULL, '53-0431396', 108, NULL, NULL, NULL, 5),
(NULL, '53-5630368', 109, NULL, NULL, NULL, 11),
(NULL, '53-7191465', 110, NULL, NULL, NULL, 9),
(NULL, '53-9062912', 111, NULL, NULL, NULL, 11),
(NULL, '54-1117411', 112, NULL, NULL, NULL, 11),
(NULL, '54-7676865', 113, NULL, NULL, NULL, 6),
(NULL, '55-0320348', 114, NULL, NULL, NULL, 12),
(NULL, '55-3650046', 115, NULL, NULL, NULL, 10),
(NULL, '56-0484045', 116, NULL, NULL, NULL, 14),
(NULL, '57-7596762', 117, NULL, NULL, NULL, 10),
(NULL, '58-0128736', 118, NULL, NULL, NULL, 5),
(NULL, '58-0824770', 119, NULL, NULL, NULL, 9),
(NULL, '58-8249246', 120, NULL, NULL, NULL, 14),
(NULL, '58-8390431', 121, NULL, NULL, NULL, 12),
(NULL, '59-5937939', 122, NULL, NULL, NULL, 3),
(NULL, '60-3158201', 123, NULL, NULL, NULL, 6),
(NULL, '60-6428015', 124, NULL, NULL, NULL, 6),
(NULL, '61-9391449', 125, NULL, NULL, NULL, 11),
(NULL, '62-2186332', 126, NULL, NULL, NULL, 6),
(NULL, '62-7019089', 127, NULL, NULL, NULL, 13),
(NULL, '62-7120162', 128, NULL, NULL, NULL, 15),
(NULL, '63-1925261', 129, NULL, NULL, NULL, 5),
(NULL, '63-6111701', 130, NULL, NULL, NULL, 9),
(NULL, '63-8802366', 131, NULL, NULL, NULL, 13),
(NULL, '66-1883695', 132, NULL, NULL, NULL, 9),
(NULL, '66-2765926', 133, NULL, NULL, NULL, 2),
(NULL, '66-5805863', 134, NULL, NULL, NULL, 13),
(NULL, '66-7576883', 135, NULL, NULL, NULL, 15),
(NULL, '67-5304822', 136, NULL, NULL, NULL, 3),
(NULL, '67-6284946', 137, NULL, NULL, NULL, 13),
(NULL, '67-7636850', 138, NULL, NULL, NULL, 12),
(NULL, '68-3132421', 139, NULL, NULL, NULL, 4),
(NULL, '68-5871521', 140, NULL, NULL, NULL, 15),
(NULL, '68-6940299', 141, NULL, NULL, NULL, 16),
(NULL, '68-7504033', 142, NULL, NULL, NULL, 3),
(NULL, '69-0803348', 143, NULL, NULL, NULL, 12),
(NULL, '69-5458568', 144, NULL, NULL, NULL, 4),
(NULL, '70-2965789', 145, NULL, NULL, NULL, 14),
(NULL, '70-4763276', 146, NULL, NULL, NULL, 11),
(NULL, '71-3652304', 147, NULL, NULL, NULL, 12),
(NULL, '71-7837650', 148, NULL, NULL, NULL, 10),
(NULL, '72-6079643', 149, NULL, NULL, NULL, 1),
(NULL, '72-7823438', 150, NULL, NULL, NULL, 3),
(NULL, '73-6200004', 151, NULL, NULL, NULL, 10),
(NULL, '73-7147493', 152, NULL, NULL, NULL, 10),
(NULL, '74-9747670', 153, NULL, NULL, NULL, 5),
(NULL, '75-0958781', 154, NULL, NULL, NULL, 8),
(NULL, '75-1340477', 155, NULL, NULL, NULL, 10),
(NULL, '75-6520267', 156, NULL, NULL, NULL, 7),
(NULL, '75-6891165', 157, NULL, NULL, NULL, 8),
(NULL, '75-9134355', 158, NULL, NULL, NULL, 16),
(NULL, '76-0099650', 159, NULL, NULL, NULL, 9),
(NULL, '76-2727093', 160, NULL, NULL, NULL, 11),
(NULL, '76-3367992', 161, NULL, NULL, NULL, 14),
(NULL, '76-4086283', 162, NULL, NULL, NULL, 5),
(NULL, '76-8791360', 163, NULL, NULL, NULL, 10),
(NULL, '77-5513461', 164, NULL, NULL, NULL, 7),
(NULL, '77-7401728', 165, NULL, NULL, NULL, 5),
(NULL, '77-8203719', 166, NULL, NULL, NULL, 1),
(NULL, '78-0380118', 167, NULL, NULL, NULL, 5),
(NULL, '78-1195027', 168, NULL, NULL, NULL, 7),
(NULL, '78-4344207', 169, NULL, NULL, NULL, 5),
(NULL, '78-6321379', 170, NULL, NULL, NULL, 1),
(NULL, '78-8816060', 171, NULL, NULL, NULL, 5),
(NULL, '79-0464882', 172, NULL, NULL, NULL, 6),
(NULL, '79-4798875', 173, NULL, NULL, NULL, 13),
(NULL, '79-9536595', 174, NULL, NULL, NULL, 1),
(NULL, '80-7938995', 175, NULL, NULL, NULL, 11),
(NULL, '80-8617080', 176, NULL, NULL, NULL, 7),
(NULL, '81-0188200', 177, NULL, NULL, NULL, 15),
(NULL, '81-4865027', 178, NULL, NULL, NULL, 10),
(NULL, '81-5031235', 179, NULL, NULL, NULL, 1),
(NULL, '81-5228790', 180, NULL, NULL, NULL, 7),
(NULL, '82-1629865', 181, NULL, NULL, NULL, 13),
(NULL, '82-2981878', 182, NULL, NULL, NULL, 14),
(NULL, '82-9457047', 183, NULL, NULL, NULL, 2),
(NULL, '83-1217063', 184, NULL, NULL, NULL, 10),
(NULL, '84-0386773', 185, NULL, NULL, NULL, 12),
(NULL, '84-3457422', 186, NULL, NULL, NULL, 2),
(NULL, '84-5153657', 187, NULL, NULL, NULL, 16),
(NULL, '84-8762859', 188, NULL, NULL, NULL, 13),
(NULL, '84-9275069', 189, NULL, NULL, NULL, 15),
(NULL, '85-3334513', 190, NULL, NULL, NULL, 7),
(NULL, '86-1870935', 191, NULL, NULL, NULL, 2),
(NULL, '86-2503827', 192, NULL, NULL, NULL, 2),
(NULL, '87-1949652', 193, NULL, NULL, NULL, 4),
(NULL, '87-3376412', 194, NULL, NULL, NULL, 13),
(NULL, '87-4453963', 195, NULL, NULL, NULL, 7),
(NULL, '89-4176534', 196, NULL, NULL, NULL, 11),
(NULL, '89-6058656', 197, NULL, NULL, NULL, 3),
(NULL, '90-3945672', 198, NULL, NULL, NULL, 12),
(NULL, '90-6409982', 199, NULL, NULL, NULL, 4),
(NULL, '92-9480837', 200, NULL, NULL, NULL, 14),
(NULL, '92-9623071', 201, NULL, NULL, NULL, 13),
(NULL, '92-9715314', 202, NULL, NULL, NULL, 6),
(NULL, '93-0686984', 203, NULL, NULL, NULL, 5),
(NULL, '94-4705277', 204, NULL, NULL, NULL, 5),
(NULL, '94-6907133', 205, NULL, NULL, NULL, 12),
(NULL, '95-1174328', 206, NULL, NULL, NULL, 11),
(NULL, '95-1790755', 207, NULL, NULL, NULL, 5),
(NULL, '96-1648398', 208, NULL, NULL, NULL, 6),
(NULL, '97-3138911', 209, NULL, NULL, NULL, 13),
(NULL, '97-5683996', 210, NULL, NULL, NULL, 16),
(NULL, '97-6528129', 211, NULL, NULL, NULL, 10),
(NULL, '97-9018441', 212, NULL, NULL, NULL, 14),
(NULL, '98-1678319', 213, NULL, NULL, NULL, 11),
(NULL, '98-3556505', 214, NULL, NULL, NULL, 10),
(NULL, '98-4762907', 215, NULL, NULL, NULL, 1),
(NULL, '99-4615801', 216, NULL, NULL, NULL, 7);

-- --------------------------------------------------------

--
-- Table structure for table `Emergency_Contact`
--

CREATE TABLE `Emergency_Contact` (
  `emergency_name` varchar(23) CHARACTER SET utf8 COLLATE utf8_unicode_ci DEFAULT NULL,
  `relationship` varchar(20) COLLATE utf8_unicode_ci DEFAULT NULL,
  `phone_number` varchar(15) COLLATE utf8_unicode_ci DEFAULT NULL,
  `emergency_contact_ID` int NOT NULL
) ENGINE=InnoDB DEFAULT CHARSET=utf8mb3 COLLATE=utf8_unicode_ci;

--
-- Dumping data for table `Emergency_Contact`
--

INSERT INTO `Emergency_Contact` (`emergency_name`, `relationship`, `phone_number`, `emergency_contact_ID`) VALUES
('Jereme Slayford', 'Girlfriend', '07721 065 357', 559),
('Nessy Panting', 'Civil Partner', '07326 502 172', 560),
('Kipp Lavens', 'Boyfriend', '07489 365 686', 561),
('Theo Sheard', 'Mother', '07356 401 825', 562),
('Joly Doram', 'Girlfriend', '07106 575 891', 563),
('Baird Fingleton', 'Boyfriend', '07789 751 694', 564),
('Patty Horsburgh', 'Husband', '07924 918 978', 565),
('Frazier Snelman', 'Boyfriend', '07235 513 354', 566),
('Regan Yarn', 'Mother', ' 07231462728', 567),
('Zita Stanborough', 'Mother', '07532 693 273', 568),
('Norrie Aggis', 'Husband', '07390 692 263', 569),
('Eada Silmon', 'Wife', '07007 182 872', 570),
('Maryjo Elgie', 'Wife', '07007 723 133', 571),
('Bastian Walliker', 'Civil Partner', '07695 349 556', 572),
('Winfred Moncey', 'Wife', '07510 608 683', 573),
('Michaelina Brahms', 'Civil Partner', '07996 211 011', 574),
('Tabbitha Shemmans', 'Wife', '07625 474 049', 575),
('Jone Tatersale', 'Mother', '07761 255 990', 576),
('Quinn Goodfellow', 'Husband', '07755 486 861', 577),
('Flory Billham', 'Husband', '07184 248 686', 578),
('Alyosha Halewood', 'Boyfriend', '07204 386 023', 579),
('Simone Kitchenman', 'Father', '07958 325 944', 580),
('Tyler Rowsell', 'Wife', '07753 973 466', 581),
('Renee Kubatsch', 'Mother', '07643 213 336', 582),
('Ivett Rapier', 'Boyfriend', '07016 239 710', 583),
('Margot Santos', 'Girlfriend', '07915 649 295', 584),
('Alis Plaster', 'Father', '07547 928 939', 585),
('Jon McAlester', 'Husband', '07015 001 355', 586),
('Cori Phillipps', 'Husband', '07572 306 041', 587),
('Alonzo Whilder', 'Boyfriend', '07404 498 162', 588),
('Leslie Keningham', 'Father', '07765 606 938', 589),
('Tim Stiff', 'Girlfriend', '07764 772 037', 590),
('Arthur Landsborough', 'Mother', '07679 670 222', 591),
('Golda Preston', 'Father', '07636 377 875', 592),
('Stevy Cestard', 'Husband', '07510 562 958', 593),
('Leesa Bonhome', 'Wife', '07668 929 915', 594),
('Godard Klimmek', 'Wife', '07219 099 770', 595),
('Joycelin Mushet', 'Father', '07772 470 745', 596),
('Ewart Benton', 'Civil Partner', '07888 475 034', 597),
('Lloyd Pidon', 'Boyfriend', '07416 146 403', 598),
('Nolie Turfitt', 'Boyfriend', '07872 652 134', 599),
('Vinnie Parr', 'Father', '07792 234 252', 600),
('Milty Corney', 'Husband', '07432 348 532', 601),
('Alaine Gozney', 'Girlfriend', '07874 802 135', 602),
('Bambie Bennell', 'Father', '07411 921 600', 603),
('Antoine De Caville', 'Father', '07676 274 711', 604),
('Margette Osman', 'Girlfriend', '07794 678 823', 605),
('Zita Greasty', 'Father', '07672 610 977', 606),
('Wain Savine', 'Civil Partner', '07473 391 474', 607),
('Taylor Screach', 'Civil Partner', '07029 866 049', 608),
('Haroun Izakovitz', 'Husband', '07369 136 446', 609),
('Lorri Elkington', 'Girlfriend', '07692 074 959', 610),
('Rosabella Howlin', 'Father', '07545 233 448', 611),
('Freddie Lorie', 'Husband', '07975 207 662', 612),
('Paxton Aspole', 'Boyfriend', '07789 380 331', 613),
('Seumas Ivantsov', 'Husband', '07643 549 188', 614),
('Hieronymus Eldon', 'Mother', '07315 598 289', 615),
('Theresina Tring', 'Civil Partner', '07536 036 354', 616),
('Eilis Domenici', 'Civil Partner', '07141 393 691', 617),
('Paten Velten', 'Husband', '07747 283 371', 618),
('Franz Barribal', 'Mother', '07304 601 591', 619),
('Coleen McPhater', 'Father', '07695 675 287', 620),
('Montague Giles', 'Girlfriend', '07602 582 994', 621),
('Amabelle McFaell', 'Mother', '07406 136 450', 622),
('Codee Hurndall', 'Boyfriend', '07296 394 678', 623),
('Lazarus Pomeroy', 'Boyfriend', '07288 097 464', 624),
('Troy Connock', 'Boyfriend', '07603 307 243', 625),
('Rorie Silverton', 'Civil Partner', '07675 154 777', 626),
('Sumner Armer', 'Civil Partner', '07124 699 528', 628),
('Ashley Jeenes', 'Wife', '07512 219 266', 629),
('Bobby Breslin', 'Boyfriend', '07156 132 741', 630),
('Gerry Bastone', 'Boyfriend', '07831 515 385', 631),
('Alysa Bonavia', 'Husband', '07998 104 368', 632),
('Jon Guisby', 'Boyfriend', '07770 964 956', 633),
('Krisha Mingasson', 'Mother', '07594 793 358', 634),
('Inness Hendrick', 'Father', '07196 056 242', 635),
('Troy Danielis', 'Boyfriend', '07543 372 808', 636),
('Sal Bruckstein', 'Wife', '07113 310 488', 637),
('Trey Shannon', 'Husband', '07275 260 538', 638),
('Wanids Dunckley', 'Boyfriend', '07415 773 406', 639),
('Dagmar Ranahan', 'Mother', '07367 105 969', 640),
('Pandora Furnell', 'Husband', '07519 157 083', 641),
('Rora Windross', 'Boyfriend', '07964 139 091', 642),
('Hurley Nadin', 'Husband', '07141 801 105', 643),
('Sella Ronca', 'Civil Partner', '07235 827 256', 644),
('Paolina Rosenwasser', 'Wife', '07405 739 948', 645),
('Rollo Olczak', 'Mother', '07268 021 034', 646),
('Scarlet Maps', 'Girlfriend', '07959 819 817', 647),
('Ernestine Syne', 'Father', '07699 779 427', 648),
('Emmy Giraldo', 'Boyfriend', '07456 139 081', 649),
('Timothy Reck', 'Civil Partner', '07149 504 735', 650),
('Berty Brimblecomb', 'Girlfriend', '07765 565 720', 651),
('Reed Easterfield', 'Civil Partner', '07523 340 134', 652),
('Joyce Jaynes', 'Civil Partner', '07184 014 200', 653),
('Sibyl Mabson', 'Civil Partner', '07924 859 819', 654),
('Traci Hammersley', 'Wife', '07950 182 116', 655),
('Gloriana McFade', 'Husband', '07061 354 829', 656),
('Kristopher Pawfoot', 'Boyfriend', '07623 018 398', 657),
('Jaime Picford', 'Mother', '07745 996 565', 658),
('Bron Danby', 'Mother', '07385 290 163', 659),
('Bibbie Tradewell', 'Wife', '07829 257 797', 660),
('Ada Vaissiere', 'Girlfriend', '07065 792 686', 661),
('Emelen Spender', 'Father', '07345 326 453', 662),
('Husain Yerborn', 'Civil Partner', '07241 523 713', 663),
('Adena Vasyuchov', 'Husband', '07515 558 479', 664),
('Denys Tuckwood', 'Father', '07099 769 526', 665),
('Nathalia Frake', 'Boyfriend', '07568 334 465', 666),
('Dickie Prophet', 'Wife', '07596 027 218', 667),
('Shara Bernardy', 'Mother', '07045 228 558', 668),
('Domingo Zuppa', 'Boyfriend', '07642 910 675', 669),
('Dixie Glazebrook', 'Mother', '07427 129 714', 670),
('Sansone Harragin', 'Mother', '07946 591 368', 671),
('Stanley Duffitt', 'Boyfriend', '07136 718 165', 672),
('Ilyse Schultheiss', 'Wife', '07228 818 773', 673),
('Rouvin Von Oertzen', 'Mother', '07950 739 212', 674),
('Murielle Suett', 'Husband', '07932 036 011', 675),
('Conway Howman', 'Husband', '07285 064 810', 676),
('Darci Milbourne', 'Civil Partner', '07035 959 026', 677),
('Monro Piatkowski', 'Girlfriend', '07439 078 961', 678),
('Braden Sabben', 'Girlfriend', '07264 110 068', 679),
('Ross Little', 'Father', '07811 367 312', 680),
('Joe MacCleay', 'Mother', '07329 779 233', 681),
('Harrietta Arpin', 'Mother', '07469 896 525', 682),
('Gearard Lindback', 'Father', '07918 823 802', 683),
('Mose Pulham', 'Boyfriend', '07818 864 970', 684),
('Thain Kellard', 'Boyfriend', '07540 241 186', 685),
('Goddard Schenkel', 'Boyfriend', '07248 542 532', 686),
('Erie Wardingly', 'Civil Partner', '07055 738 740', 687),
('Leia MacMearty', 'Father', '07525 541 001', 688),
('Perla Sokill', 'Girlfriend', '07455 033 890', 689),
('Megen Vynall', 'Wife', '07100 762 873', 690),
('Becka Card', 'Father', '07503 035 492', 691),
('Filberto Railton', 'Wife', '07719 120 956', 692),
('Calv Alelsandrovich', 'Boyfriend', '07717 918 115', 693),
('Francene Licquorish', 'Husband', '07831 756 132', 694),
('Agnella Wyman', 'Husband', '07269 336 319', 695),
('Fae Whales', 'Boyfriend', '07698 294 787', 696),
('Nickolaus Riepel', 'Girlfriend', '07194 463 040', 697),
('Jacquette Cardenosa', 'Civil Partner', '07642 004 857', 698),
('Joel Laxson', 'Girlfriend', '07781 001 495', 699),
('Margot Barabich', 'Boyfriend', '07585 007 222', 701),
('Brittan Rubroe', 'Girlfriend', '07620 851 960', 702),
('Corabella Bitten', 'Boyfriend', '07918 827 977', 703),
('Malissa Scurrah', 'Wife', '07189 813 349', 704),
('Eben Samms', 'Wife', '07923 010 205', 705),
('Matias Ruckert', 'Girlfriend', '07792 360 390', 706),
('Annette Bydaway', 'Boyfriend', '07670 530 361', 707),
('Dion Tolson', 'Mother', '07154 115 530', 708),
('Johna Radki', 'Civil Partner', '07783 704 124', 709),
('Asher Ferrarotti', 'Civil Partner', '07460 150 758', 710),
('Roddie O\' Molan', 'Boyfriend', '07464 651 444', 711),
('Veradis Glidder', 'Girlfriend', '07392 244 305', 712),
('Nichol Rawsthorne', 'Civil Partner', '07508 127 404', 713),
('Toma Van\'t Hoff', 'Boyfriend', '07866 974 051', 714),
('Esme MacGlory', 'Girlfriend', '07291 150 140', 715),
('Thibaud Bladder', 'Mother', '07357 406 936', 716),
('Ken Sloane', 'Mother', '07771 820 262', 717),
('Paule Willingham', 'Father', '07689 398 886', 718),
('Lorrin Morman', 'Boyfriend', '07627 803 411', 719),
('Ogden Wynne', 'Father', '07740 998 062', 720),
('Mikey Vedeniktov', 'Boyfriend', '07326 764 405', 721),
('Sibyl Danovich', 'Girlfriend', '07655 343 095', 722),
('Cecil Gathercoal', 'Wife', '07480 391 714', 723),
('Farleigh Norwich', 'Husband', '07452 090 283', 724),
('Conrado Laker', 'Girlfriend', '07004 401 178', 725),
('Jenn Sander', 'Wife', '07434 841 982', 726),
('Cornie Moodie', 'Girlfriend', '07878 023 821', 727),
('Lee Burt', 'Mother', '07001 392 333', 728),
('Jacenta Slimme', 'Boyfriend', '07903 181 488', 729),
('Noelle Physick', 'Mother', '07224 883 037', 730),
('Klara Eckford', 'Girlfriend', '07580 481 684', 731),
('Thedric Kenwright', 'Father', '07519 455 911', 732),
('Granville Hacket', 'Husband', '07058 101 214', 733),
('Penelope Hancill', 'Mother', '07018 375 399', 734),
('Amye Brecknock', 'Mother', '07633 415 279', 735),
('Neila Haimes', 'Girlfriend', '07794 407 646', 736),
('Orelie Balasin', 'Civil Partner', '07971 986 560', 737),
('Bobbette Ruddlesden', 'Civil Partner', '07116 235 571', 738),
('Krissy Clayworth', 'Mother', '07448 190 979', 739),
('Cassandra Merle', 'Mother', '07220 743 776', 740),
('Cull Harraway', 'Mother', '07970 418 060', 741),
('Griffith Witherow', 'Father', '07449 485 950', 742),
('Frasquito Legerwood', 'Mother', '07484 895 380', 743),
('Damian Elsworth', 'Wife', '07934 375 220', 744),
('Sallee Hughes', 'Mother', '07731 937 530', 745),
('Prudi Blum', 'Girlfriend', '07262 636 173', 746),
('Goran Lamburn', 'Father', '07304 482 930', 747),
('Brose Jepp', 'Husband', '07935 559 320', 748),
('Tasha Bromilow', 'Civil Partner', '07666 955 404', 749),
('Dominick Schirach', 'Girlfriend', '07814 696 449', 750),
('Phyllys Lamey', 'Boyfriend', '07427 306 598', 751),
('Ham Snalum', 'Father', '07513 042 679', 752),
('Hollie Hebble', 'Mother', '07399 003 920', 753),
('Rorke Biles', 'Father', '07204 662 049', 754),
('Noland Doret', 'Boyfriend', '07157 222 552', 755),
('Georgena Clappison', 'Husband', '07584 205 419', 756),
('Casie MacAirt', 'Civil Partner', '07394 653 792', 757),
('Palmer Vial', 'Civil Partner', '07277 220 402', 758),
('Mike Tiron', 'Girlfriend', '07100 728 296', 759),
('Cristina Ervine', 'Civil Partner', '07854 566 028', 760),
('Arielle Etock', 'Boyfriend', '07312 873 616', 761),
('Raphaela Fishlee', 'Girlfriend', '07691 368 084', 762),
('Odo Frame', 'Mother', '07142 691 496', 763),
('Lief Wilhelmy', 'Boyfriend', '07972 492 545', 764),
('Judas Tonn', 'Mother', '07354 878 768', 765),
('Concordia Marklund', 'Civil Partner', '07959 795 234', 766),
('Bradford Rudolf', 'Girlfriend', '07753 919 257', 767),
('Letitia Ellph', 'Boyfriend', '07764 688 949', 768),
('Kimmie McKevitt', 'Boyfriend', '07591 865 044', 769),
('Shannon McGinty', 'Girlfriend', '07499 192 522', 770),
('Angus Ranscome', 'Boyfriend', '07105 859 928', 771),
('Birgitta Naerup', 'Wife', '07161 526 613', 772),
('Aaren Lomaz', 'Civil Partner', '07117 843 636', 773),
('Leena Gorry', 'Father', '07049 508 215', 774),
('Cindelyn Gallant', 'Husband', '07583 588 628', 775),
('Iolanthe Carlick', 'Girlfriend', '07006 963 911', 776),
('Bastien Hollingshead', 'Girlfriend', '07250 548 384', 777),
('Alameda Iacobacci', 'Wife', '07244 048 879', 778),
('Welbie Hearon', 'Mother', '07174 233 681', 779),
('Ethelbert Warret', 'Boyfriend', '07813 571 441', 780),
('Alie Lutz', 'Civil Partner', '07880 354 813', 781),
('Alikee O\'Malley', 'Girlfriend', '07352 836 056', 782),
('Rustie Ridge', 'Husband', '07462 515 206', 783),
('Brien Narrie', 'Girlfriend', '07567 015 757', 784),
('Eduino Gainsboro', 'Civil Partner', '07169 495 661', 785),
('Cybil Bemrose', 'Mother', '07078 712 010', 786),
('Harlan Foxton', 'Husband', '07054 759 828', 787),
('Lanny Pendred', 'Boyfriend', '07493 098 720', 788),
('Cooper Sillars', 'Husband', '07228 676 244', 789),
('Reeba Lamartine', 'Mother', '07726 563 483', 790),
('Christoforo Decker', 'Husband', '07396 626 394', 791),
('Davey Gregan', 'Mother', '07204 221 186', 792),
('Cordy Sudell', 'Father', '07007 011 997', 793),
('Stearne Chaffer', 'Mother', '07640 868 506', 794),
('Rolph Reast', 'Wife', '07388 570 448', 795),
('Bren Epperson', 'Girlfriend', '07295 123 244', 796),
('Nola Yeowell', 'Mother', '07556 127 597', 797),
('Alberik Meaton', 'Boyfriend', '07785 086 128', 798),
('Joanie Scholtz', 'Husband', '07244 882 292', 799),
('Hiram Imrie', 'Husband', '07218 567 891', 800),
('Marianne Elion', 'Mother', '07866 004 620', 801),
('Aksel Ticehurst', 'Girlfriend', '07496 100 258', 802),
('Ryley Schieferstein', 'Mother', '07941 015 817', 803),
('Lucila Farlamb', 'Husband', '07665 666 934', 804),
('Levon Bratt', 'Boyfriend', '07123 594 714', 805),
('Sim Sacher', 'Father', '07962 176 107', 806),
('Janela Jeffels', 'Wife', '07747 406 557', 807),
('Bord Bartoletti', 'Mother', '07369 214 958', 808),
('Dougy Hamlen', 'Boyfriend', '07003 409 288', 809),
('Ossie McBean', 'Civil Partner', '07137 684 264', 811),
('Jacki Tupling', 'Boyfriend', '07890 810 674', 812),
('Wain Corneck', 'Girlfriend', '07089 659 356', 813),
('Sara-ann Knoller', 'Civil Partner', '07189 537 844', 814),
('Sigmund McLafferty', 'Wife', '07996 723 103', 815),
('Giuseppe Petican', 'Wife', '07685 471 321', 816),
('Elisa McNamee', 'Boyfriend', '07173 106 494', 817),
('Gina Manueli', 'Boyfriend', '07640 597 771', 818),
('Ezmeralda Ertel', 'Boyfriend', '07929 318 804', 819),
('Lelia Heppenspall', 'Mother', '07865 407 286', 820),
('Darby Lias', 'Husband', '07194 892 472', 821),
('Samuele Solesbury', 'Wife', '07037 038 101', 822),
('Damara Dudny', 'Mother', '07425 771 845', 823),
('Lew O\'Dempsey', 'Mother', '07885 465 113', 824),
('Benni Botting', 'Wife', '07639 903 071', 825),
('Clotilda Blues', 'Girlfriend', '07754 815 231', 826),
('Hadleigh Twining', 'Civil Partner', '07302 069 966', 827),
('Aristotle MacGrath', 'Boyfriend', '07717 401 856', 828),
('Byran Greaser', 'Husband', '07556 017 337', 829),
('Zaneta Shrubb', 'Father', '07613 479 105', 830),
('Debera Itzkovich', 'Mother', '07196 432 406', 831),
('Joyann Spellessy', 'Husband', '07873 688 139', 832),
('Fiorenze Elvey', 'Father', '07902 274 458', 833),
('Marwin Haburne', 'Husband', '07467 024 579', 834),
('Hagen Lantoph', 'Wife', '07512 531 127', 835),
('Sydel Dexter', 'Father', '07795 010 970', 836),
('Shannon Purdy', 'Mother', '07885 597 859', 837),
('Morley Mastrantone', 'Mother', '07615 396 907', 838),
('Clyve Pedroli', 'Father', '07680 068 925', 839),
('Natassia Ludvigsen', 'Father', '07785 317 092', 840),
('Michale Kluger', 'Husband', '07685 967 303', 841),
('Caryl Coyle', 'Girlfriend', '07142 015 007', 842),
('Violet Doutch', 'Wife', '07346 373 537', 843),
('Justinn Maginot', 'Civil Partner', '07255 258 700', 845),
('Hurlee Bendle', 'Father', '07016 639 458', 846),
('Cathyleen Lindfors', 'Husband', '07119 333 689', 847),
('Staci Normadell', 'Girlfriend', '07035 352 138', 848),
('Willis Deary', 'Girlfriend', '07475 627 111', 849),
('Marlie Schwaiger', 'Civil Partner', '07055 302 769', 850),
('Zaria Tallet', 'Boyfriend', '07473 173 088', 851),
('Tam Howler', 'Boyfriend', '07107 484 803', 852),
('Francois Goodrick', 'Civil Partner', '07224 909 347', 853),
('Manfred Morston', 'Wife', '07857 880 717', 854),
('Ileana Wicken', 'Girlfriend', '07816 723 310', 855),
('Allie Hambleton', 'Wife', '07583 207 317', 856),
('Poul Poznan', 'Wife', '07353 747 279', 857),
('Chaddie Kelcey', 'Husband', '07135 140 819', 858),
('Llywellyn Buckley', 'Girlfriend', '07978 885 045', 859),
('Nickie Driscoll', 'Husband', '07163 688 713', 860),
('Tallie Huggon', 'Father', '07493 025 274', 861),
('Papageno Baiyle', 'Girlfriend', '07413 999 083', 862),
('Harper Crutchley', 'Father', '07349 039 768', 863),
('Nanete Hassard', 'Boyfriend', '07005 200 200', 864),
('Coleen Tolley', 'Father', '07220 519 362', 865),
('Mindy Gatch', 'Girlfriend', '07074 285 151', 866),
('Bald Bennoe', 'Wife', '07580 556 646', 867),
('Nancy Masterson', 'Father', '07031 588 061', 868),
('Augustine Corstorphine', 'Father', '07793 242 869', 869),
('Helen Gouda', 'Boyfriend', '07268 106 425', 870),
('Adolph Hedgeman', 'Wife', '07295 967 993', 871),
('Philis Gulleford', 'Father', '07838 716 945', 872),
('Selia Sopp', 'Husband', '07937 394 557', 873),
('Mile Scholler', 'Father', '07558 144 894', 874),
('Porter Nance', 'Civil Partner', '07097 155 888', 875),
('Alden Bourthoumieux', 'Boyfriend', '07435 864 662', 876),
('Christan Leupoldt', 'Husband', '07699 612 785', 877),
('Karel Gully', 'Father', '07088 509 851', 878),
('Waldemar Plunket', 'Civil Partner', '07417 261 693', 879),
('Brnaby Hilhouse', 'Girlfriend', '07346 042 351', 880),
('Nap Muzzlewhite', 'Wife', '07942 102 464', 881),
('Samaria Rennie', 'Civil Partner', '07366 799 382', 882),
('Friedrich Howsego', 'Father', '07787 734 288', 883),
('Ruggiero Kilgrove', 'Civil Partner', '07100 170 818', 884),
('Beitris Morison', 'Boyfriend', '07455 807 075', 885),
('Cassandre Attawell', 'Wife', '07612 472 814', 886),
('Mariejeanne Prendeville', 'Mother', '07474 771 437', 887),
('Baudoin Danigel', 'Girlfriend', '07315 752 509', 888),
('Cris Melladew', 'Mother', '07427 006 306', 889),
('Bradly Mitrovic', 'Husband', '07708 980 078', 890),
('Eunice Chmarny', 'Father', '07717 672 468', 891),
('Brear Kluge', 'Husband', '07267 762 763', 892),
('Melodee Sillars', 'Boyfriend', '07822 069 566', 893),
('Jennee Costock', 'Father', '07362 630 943', 894),
('Xaviera Chaves', 'Mother', '07054 012 385', 895),
('Caroline Brinicombe', 'Father', '07276 959 298', 896),
('Leoine Ayrs', 'Boyfriend', '07403 137 340', 897),
('Towny Deetch', 'Civil Partner', '07086 691 240', 898),
('Melinda Edelston', 'Mother', '07607 490 054', 899),
('Rozelle McCullouch', 'Husband', '07387 875 939', 900),
('Tootsie Holdey', 'Wife', '07329 818 995', 901),
('Cordey Peer', 'Girlfriend', '07645 326 285', 902),
('Bendicty Macek', 'Husband', '07726 134 897', 903),
('Nobie Scardifeild', 'Mother', '07035 382 913', 904),
('Haley Kellock', 'Girlfriend', '07487 727 188', 905),
('Clayton Segar', 'Mother', '07030 174 840', 906),
('Kristin Stanhope', 'Civil Partner', '07095 123 826', 907),
('Gabi Crooks', 'Father', '07021 173 423', 908),
('Caresa McGeown', 'Girlfriend', '07546 091 676', 909),
('Cully Galilee', 'Civil Partner', '07898 839 206', 910),
('Edi Haygreen', 'Husband', '07382 538 132', 911),
('Jacky Schwandt', 'Father', '07787 718 899', 912),
('Ardyce McAree', 'Mother', '07648 096 231', 913),
('Iseabal Leidl', 'Girlfriend', '07683 879 132', 914),
('Audrey Calafate', 'Boyfriend', '07905 196 224', 915),
('Charmain Ewbanck', 'Husband', '07876 106 377', 916),
('Florentia Cornelisse', 'Wife', '07465 428 558', 917),
('Sayre Faint', 'Girlfriend', '07320 940 413', 918),
('Libbey Van den Bosch', 'Civil Partner', '07623 894 854', 919),
('Galvan Kaszper', 'Girlfriend', '07814 082 485', 920),
('Joscelin Dumblton', 'Wife', '07719 695 663', 921),
('Joela Artois', 'Boyfriend', '07419 063 793', 922),
('Krishna Payle', 'Mother', '07834 640 631', 923),
('Hermine Sapsed', 'Boyfriend', '07245 144 587', 924),
('Carling Jell', 'Civil Partner', '07345 068 432', 925),
('Emmet Speedy', 'Husband', '07964 772 320', 926),
('Jeane Fleet', 'Girlfriend', '07452 139 490', 927),
('Fifi Lamputt', 'Father', '07477 278 621', 928),
('Sanders Firsby', 'Husband', '07483 322 111', 929),
('Marjorie Fraine', 'Wife', '07037 535 429', 930),
('Durand Klassman', 'Father', '07324 591 670', 931),
('Aksel Gallimore', 'Father', '07677 246 578', 932),
('Dorthy Savoury', 'Mother', '07911 839 364', 933),
('Jamison Richardet', 'Civil Partner', '07608 960 744', 934),
('Torrence Fowells', 'Civil Partner', '07620 698 046', 935),
('Dorise Polin', 'Civil Partner', '07030 945 316', 936),
('Alica Adnam', 'Civil Partner', '07339 364 526', 937),
('Merlina Adolthine', 'Civil Partner', '07498 555 907', 938),
('George Barczynski', 'Girlfriend', '07927 318 789', 939),
('Donella Scullard', 'Boyfriend', '07764 317 881', 940),
('Stearne Coveny', 'Girlfriend', '07552 624 180', 941),
('Brendis Saunder', 'Mother', '07747 163 685', 942),
('Justina Steinson', 'Girlfriend', '07978 286 641', 943),
('Duke Ruske', 'Father', '07775 640 640', 944),
('Meridith Lowes', 'Civil Partner', '07881 576 200', 945),
('Eilis Decent', 'Husband', '07190 067 060', 946),
('Marybeth Dibben', 'Boyfriend', '07888 296 305', 947),
('Salem Courtliff', 'Boyfriend', '07239 492 326', 949),
('Joel Fairham', 'Girlfriend', '07080 664 959', 950),
('Hayden Monkley', 'Wife', '07958 131 810', 951),
('Odelle Godsmark', 'Wife', '07530 434 901', 952),
('Emera Yearne', 'Father', '07206 048 771', 954),
('Essa Sor', 'Husband', '07629 867 802', 955),
('Goldia Nisard', 'Girlfriend', '07475 211 884', 956),
('Katusha Kirkham', 'Civil Partner', '07216 578 917', 957),
('Scotti Nowill', 'Boyfriend', '07797 601 369', 958),
('Corabella Possek', 'Girlfriend', '07171 514 291', 959),
('Gabriela Wehden', 'Mother', '07904 464 506', 960),
('Frederique Wheatman', 'Civil Partner', '07068 255 984', 961),
('Delmore Borel', 'Civil Partner', '07050 832 727', 962),
('Giustina Stephen', 'Wife', '07101 430 354', 963),
('Taylor Micka', 'Civil Partner', '07239 031 455', 965),
('Ulick Snyder', 'Father', '07013 596 878', 966),
('Sandye De Gouy', 'Husband', '07383 021 093', 967),
('Gideon Gillivrie', 'Boyfriend', '07257 411 126', 968),
('Jeremiah Pavlasek', 'Father', '07425 200 343', 969),
('Maritsa McGann', 'Wife', '07389 587 350', 970),
('Layne Laurenty', 'Boyfriend', '07925 739 484', 971),
('El Grishagin', 'Husband', '07888 438 593', 972),
('Lynsey Moraleda', 'Wife', '07652 112 844', 973),
('Alasteir McKeand', 'Wife', '07373 224 784', 974),
('Baxie De Rye Barrett', 'Wife', '07594 266 644', 975),
('Nikaniki Stenhouse', 'Husband', '07585 388 400', 976),
('Tildy Donett', 'Civil Partner', '07996 433 549', 977),
('Gerik Graeser', 'Girlfriend', '07753 745 592', 978),
('Verney Essam', 'Husband', '07173 823 511', 979),
('Claudetta Plaistowe', 'Civil Partner', '07358 746 653', 980),
('Erhart Husset', 'Boyfriend', '07683 714 091', 981),
('Nicol Dockray', 'Wife', '07174 952 329', 982),
('Reinold Kaubisch', 'Husband', '07005 138 853', 983),
('Leshia Allcorn', 'Mother', '07341 771 237', 984),
('Reeta Feary', 'Wife', '07985 842 262', 985),
('Rivy Gensavage', 'Husband', '07544 911 166', 986),
('Harmon Gindghill', 'Civil Partner', '07285 352 836', 987),
('Waylan Kochlin', 'Boyfriend', '07629 713 818', 988),
('Lesya Phebey', 'Wife', '07741 907 270', 990),
('Daloris Lanon', 'Mother', '07102 109 240', 991),
('Bernadene Lowey', 'Wife', '07937 182 672', 992),
('Peyton MacShirie', 'Girlfriend', '07219 511 447', 993),
('Jabez Yewman', 'Father', '07280 779 671', 994),
('Valaree Treadgold', 'Civil Partner', '07427 564 348', 995),
('Bondie Schruyers', 'Father', '07868 628 411', 996),
('Delainey Benedtti', 'Mother', '07621 668 278', 997),
('Eimile Vial', 'Husband', '07477 622 496', 998),
('Malory Hawes', 'Husband', '07066 178 667', 999),
('Lizbeth Curbishley', 'Father', '07104 138 411', 1000),
('Randall Corriea', 'Husband', '07654 630 110', 1001),
('Shelly Gimblet', 'Boyfriend', '07107 706 065', 1002),
('Augustus Goodluck', 'Mother', '07997 004 063', 1003),
('Nariko Illsley', 'Civil Partner', '07008 281 309', 1004),
('Caz Dartnell', 'Mother', '07448 651 046', 1005),
('Ramsey Denacamp', 'Boyfriend', '07342 317 379', 1006),
('Terrijo Piatto', 'Husband', '07870 877 830', 1007),
('Diannne Streight', 'Boyfriend', '07974 403 769', 1008),
('Marylinda Titta', 'Girlfriend', '07410 675 062', 1009),
('Bryan Shawdforth', 'Father', '07939 930 407', 1010),
('Charla Crickmore', 'Boyfriend', '07512 743 229', 1011),
('Leroi Dingivan', 'Husband', '07244 918 390', 1012),
('Budd Follacaro', 'Girlfriend', '07569 513 210', 1013),
('Dante Snozzwell', 'Boyfriend', '07066 007 108', 1014),
('Adam Roderighi', 'Husband', '07503 037 843', 1015),
('Madonna McCague', 'Wife', '07187 549 944', 1016),
('Rafaellle Tweedlie', 'Wife', '07036 754 544', 1017),
('Ilsa McAusland', 'Boyfriend', '07064 930 835', 1018),
('Vilhelmina Wrangle', 'Mother', '07750 131 976', 1019),
('Fidela Heaviside', 'Wife', '07081 377 359', 1020),
('Phillie Eles', 'Husband', '07925 034 405', 1021),
('Katee Dilrew', 'Father', '07612 660 166', 1022),
('Melody Brotherwood', 'Wife', '07735 358 950', 1023),
('Colette Reisk', 'Husband', '07457 814 451', 1024),
('Hamnet Hamly', 'Wife', '07692 458 187', 1025),
('Abbey Waryk', 'Boyfriend', '07260 273 133', 1026),
('Pattie Bohl', 'Girlfriend', '07158 470 617', 1027),
('Izzy Ahlf', 'Father', '07044 089 640', 1028),
('Rand Madrell', 'Civil Partner', '07252 015 009', 1030),
('Zaneta Deddum', 'Mother', '07529 897 607', 1031),
('Elston Loins', 'Girlfriend', '07930 606 296', 1032),
('Arlie Korfmann', 'Husband', '07348 062 445', 1033),
('Madelaine Hutt', 'Mother', '07734 801 502', 1034),
('Leon McCotter', 'Father', '07126 636 219', 1035),
('Glenden Livett', 'Civil Partner', '07613 591 203', 1036),
('Ferrell Scruton', 'Boyfriend', '07455 760 917', 1037),
('Stepha Doohan', 'Husband', '07728 862 325', 1038),
('Sisely Castelin', 'Mother', '07152 080 965', 1039),
('Northrup Pittendreigh', 'Mother', '07603 027 379', 1040),
('Kev Bradmore', 'Boyfriend', '07180 333 916', 1041),
('Wallache Ropkins', 'Girlfriend', '07410 226 285', 1042),
('Agatha Nulty', 'Girlfriend', '07895 871 178', 1043),
('Tobe Vazquez', 'Boyfriend', '07936 699 391', 1044),
('Umberto Mulrooney', 'Boyfriend', '07291 039 769', 1045),
('Creighton Hinzer', 'Girlfriend', '07394 851 273', 1046),
('Duane Mitton', 'Civil Partner', '07087 447 204', 1047),
('Kane Piers', 'Husband', '07453 022 869', 1048),
('Nonie Ledgard', 'Girlfriend', '07316 951 272', 1049),
('Kass Haysman', 'Girlfriend', '07480 332 736', 1050),
('Marsh Abilowitz', 'Wife', '07026 832 505', 1051),
('Ahmad Muge', 'Boyfriend', '07028 898 207', 1052),
('Der Merner', 'Girlfriend', '07472 485 627', 1053),
('Sallyanne Minchinton', 'Father', '07491 768 068', 1054),
('Grove Spellissy', 'Husband', '07555 870 467', 1055),
('Boony Hardwell', 'Wife', '07211 259 256', 1056),
('Shannon Kesteven', 'Father', '07543 934 498', 1057),
('Danny Heinsen', 'Father', '07194 408 632', 1058),
('Marcie Prattington', 'Mother', '07297230400', 1083),
('qwe', 'qwe', '123', 1084);

-- --------------------------------------------------------

--
-- Table structure for table `Employee`
--

CREATE TABLE `Employee` (
  `employee_ID` varchar(10) COLLATE utf8_unicode_ci NOT NULL,
  `emergency_contact_ID` int DEFAULT NULL,
  `salary` varchar(11) CHARACTER SET utf8 COLLATE utf8_unicode_ci DEFAULT NULL,
  `NIN` varchar(20) COLLATE utf8_unicode_ci DEFAULT NULL,
  `department_name` varchar(20) COLLATE utf8_unicode_ci NOT NULL
) ENGINE=InnoDB DEFAULT CHARSET=utf8mb3 COLLATE=utf8_unicode_ci;

--
-- Dumping data for table `Employee`
--

INSERT INTO `Employee` (`employee_ID`, `emergency_contact_ID`, `salary`, `NIN`, `department_name`) VALUES
('02-4109274', 802, '?59,217.95 ', 'jk980246h', 'Driver'),
('03-3544565', 599, '?91,614.47 ', 'en390360s', 'Packager'),
('04-1386775', 765, '?85,092.27 ', 'zz594734b', 'Driver'),
('04-2608361', 855, '?66,224.45 ', 'ku802868l', 'Driver'),
('04-2758260', 692, '?63,320.02 ', 'ql275702i', 'Driver'),
('04-2798023', 959, '?49,509.39 ', 'bl772452l', 'Packager'),
('05-1128789', 603, '?73,099.76 ', 'ds948250k', 'Driver'),
('05-1945849', 574, '?85,550.33 ', 'xz796669h', 'Driver'),
('05-3647243', 1033, '?38,871.26 ', 'kc608204k', 'Packager'),
('05-5059849', 922, '?30,809.16 ', 'tu153415t', 'Packager'),
('05-5646283', 912, '?83,507.63 ', 'np061992l', 'Driver'),
('05-9682452', 952, '?44,159.39 ', 'bo740928h', 'Driver'),
('06-0280761', 636, '?97,871.00 ', 'rz638367h', 'HR'),
('06-2857563', 832, '?27,045.62 ', 'ya877759r', 'Manager'),
('06-3396053', 701, '?50,125.67 ', 'jm300330r', 'Packager'),
('06-3776558', 1056, '?94,483.61 ', 'pw205885r', 'Packager'),
('06-3850682', 987, '?61,612.72 ', 'lw782748u', 'Driver'),
('06-7381402', 893, '?41,672.28 ', 'rb727027l', 'Driver'),
('06-9710935', 593, '?78,678.52 ', 'no969473z', 'Packager'),
('07-4517183', 567, '£33,027.23', 'rz111360g', 'Packager'),
('07-4724394', 869, '?51,949.10 ', 'vw694872r', 'Packager'),
('08-4428147', 836, '?58,749.21 ', 'ad905076o', 'Packager'),
('08-5459846', 980, '?43,761.91 ', 'xz369649i', 'Driver'),
('08-7213723', 1023, '?14,357.12 ', 'qa101983v', 'Driver'),
('09-2857613', 719, '?42,813.15 ', 'yh126921t', 'Driver'),
('09-4017521', 892, '?22,873.04 ', 'sb614856m', 'HR'),
('09-4856118', 634, '?19,096.73 ', 'hg982259y', 'Driver'),
('09-8147999', 916, '?60,175.71 ', 'pq325071u', 'Packager'),
('10-1743239', 873, '?46,542.99 ', 'tx858508r', 'Packager'),
('10-4168432', 583, '?74,033.43 ', 'eu934314q', 'Packager'),
('10-6127924', 612, '?30,666.21 ', 'ft026339d', 'Packager'),
('10-6321236', 749, '?59,407.49 ', 'vw739034c', 'HR'),
('10-6680137', 708, '?54,552.70 ', 'xz020089e', 'Driver'),
('10-8148353', 859, '?20,034.33 ', 'kw816523w', 'HR'),
('10-9736161', 723, '?99,117.25 ', 'fa725896g', 'Driver'),
('11-0990160', 927, '?37,907.97 ', 'el763944v', 'Packager'),
('11-4556284', 887, '?19,329.56 ', 'iu795663w', 'Packager'),
('11-5411031', 744, '?76,521.21 ', 'di653042t', 'Driver'),
('11-6489646', 720, '?24,207.50 ', 'kc363601g', 'HR'),
('11-9162644', 631, '?33,411.86 ', 'qi586048l', 'Driver'),
('12-0104092', 722, '?26,606.61 ', 'pc545418r', 'Packager'),
('12-5128654', 582, '?52,510.07 ', 'tf577069v', 'Packager'),
('12-6888959', 736, '?74,922.96 ', 'yc393041q', 'Packager'),
('12-8760096', 685, '?27,166.70 ', 'gb976841w', 'Packager'),
('13-8722134', 878, '?97,905.35 ', 'gd959536a', 'Packager'),
('13-9234597', 741, '?62,528.81 ', 'he783674o', 'Packager'),
('14-0432288', 758, '?35,816.39 ', 'fp824869e', 'Driver'),
('14-1209073', 594, '?62,678.28 ', 'fj377449j', 'Driver'),
('14-2911172', 795, '?73,800.93 ', 'ox915931w', 'Packager'),
('14-4001908', 1031, '?34,082.14 ', 'gb391445q', 'Packager'),
('14-6532726', 1008, '?40,060.04 ', 'os724826w', 'Packager'),
('14-9076003', 666, '?61,058.36 ', 'ws394988s', 'Driver'),
('15-4783339', 808, '?18,516.54 ', 'qh838641y', 'HR'),
('15-5837614', 624, '?92,010.30 ', 'tx310999b', 'Driver'),
('15-6949928', 834, '?61,194.11 ', 'jz826946h', 'Driver'),
('16-0283796', 606, '?91,026.23 ', 'mx935884p', 'Driver'),
('16-1242322', 633, '?40,776.94 ', 'sp696523t', 'Driver'),
('17-1342407', 655, '?24,532.92 ', 'kf326923s', 'Driver'),
('17-1925809', 731, '?31,438.66 ', 'xr596082y', 'Packager'),
('17-3967296', 971, '?69,965.03 ', 'fi082187y', 'Packager'),
('17-5831110', 643, '?56,587.83 ', 'vx435216w', 'Driver'),
('18-0534773', 682, '?62,229.76 ', 'ny144248g', 'Packager'),
('18-3863597', 835, '?97,318.42 ', 'dm359618l', 'Packager'),
('18-3911956', 694, '?41,496.02 ', 'yk522444d', 'HR'),
('18-6142811', 1003, '?16,005.59 ', 'qj120357r', 'Packager'),
('18-9171336', 1051, '?80,829.14 ', 'yx656704n', 'Packager'),
('19-0713712', 897, '?37,144.20 ', 'vi744437v', 'Packager'),
('19-1079892', 766, '?85,860.59 ', 'uw710251u', 'Packager'),
('19-1277494', 644, '?55,612.48 ', 'bs437833j', 'Packager'),
('19-6732633', 1006, '?63,515.05 ', 'xb032437g', 'Driver'),
('20-2758343', 602, '?39,846.48 ', 'dw797814s', 'HR'),
('20-3044693', 896, '?91,757.16 ', 'uz970481u', 'Driver'),
('20-5440287', 664, '?36,023.61 ', 'oj166622v', 'Driver'),
('20-6300983', 909, '?59,829.91 ', 'bx776119o', 'Driver'),
('20-7194686', 1055, '?56,278.56 ', 'yb039141a', 'HR'),
('20-7886428', 817, '?56,391.77 ', 'ee121177l', 'Packager'),
('20-9516100', 730, '?70,412.31 ', 'mu901992i', 'Driver'),
('21-1787461', 702, '?76,206.39 ', 'qn206371i', 'Driver'),
('21-2689388', 902, '?18,703.01 ', 'kp709951v', 'Packager'),
('21-3155551', 931, '?24,449.19 ', 'hn280217c', 'Packager'),
('21-4089887', 932, '?76,423.32 ', 'km813203w', 'Driver'),
('22-0788973', 891, '?59,688.79 ', 'ei247057v', 'Driver'),
('22-2051613', 941, '?50,021.50 ', 'rs859776q', 'Packager'),
('22-3052971', 686, '?91,699.68 ', 'jk018371c', 'Driver'),
('22-3708071', 559, '?30,397.56 ', 'rb499211c', 'HR'),
('22-6627032', 755, '?23,496.30 ', 'al340446b', 'Packager'),
('22-7191567', 969, '?90,643.98 ', 'lx057194p', 'Driver'),
('22-9529013', 615, '?80,693.80 ', 'ju954932e', 'Packager'),
('24-4585192', 1004, '?91,216.82 ', 'sa107205q', 'Packager'),
('24-4677621', 635, '?82,281.31 ', 'qb596623c', 'Packager'),
('24-6851371', 715, '?78,841.84 ', 'mh954487u', 'Driver'),
('24-9067553', 770, '?87,146.69 ', 'xo554182r', 'Packager'),
('24-9840403', 914, '?33,391.07 ', 'ww328815i', 'Packager'),
('25-4103329', 975, '?64,639.39 ', 'ri926857q', 'Driver'),
('25-6187206', 967, '?63,905.08 ', 'fg558529z', 'Driver'),
('25-9736142', 794, '?53,082.75 ', 'bi255825p', 'Packager'),
('26-0938951', 1041, '?56,639.65 ', 'cc841112d', 'Driver'),
('26-3324931', 658, '?12,571.28 ', 'qj455525d', 'Driver'),
('26-9050326', 910, '?40,814.61 ', 'lm182202b', 'Driver'),
('27-1540713', 888, '?72,118.42 ', 'ry550614d', 'Driver'),
('27-8037561', 895, '?39,500.15 ', 'cx516631k', 'Packager'),
('27-8094243', 829, '?54,901.54 ', 'sh464311u', 'Packager'),
('27-8387260', 814, '?90,559.92 ', 'vd818340c', 'Driver'),
('28-4979315', 713, '?36,543.57 ', 'tp697018e', 'Driver'),
('28-7012669', 1052, '?60,391.38 ', 'kz848071o', 'HR'),
('28-7818998', 1005, '?45,825.46 ', 'tp307139n', 'Packager'),
('29-2364794', 950, '?78,530.16 ', 'in158664i', 'Manager'),
('29-2785103', 998, '?17,734.18 ', 'kk792060s', 'Packager'),
('29-5105992', 630, '?77,828.80 ', 'hm134578n', 'Driver'),
('29-5209106', 777, '?85,398.19 ', 'wn277158x', 'Packager'),
('29-6350132', 849, '?51,249.75 ', 'fv388894k', 'Packager'),
('29-6571924', 609, '?73,371.57 ', 'ux813250n', 'Packager'),
('29-6656577', 684, '?63,251.24 ', 'rg151568q', 'Driver'),
('29-7832408', 577, '?19,232.41 ', 'pk696816m', 'Packager'),
('30-1322103', 572, '?91,770.28 ', 'zw251674d', 'Packager'),
('30-2374884', 588, '?22,260.80 ', 'ei636866y', 'Driver'),
('30-3058947', 618, '?74,439.57 ', 'an167975t', 'Packager'),
('30-7334418', 821, '?64,340.92 ', 'yh523785h', 'Packager'),
('30-8456021', 917, '?99,223.26 ', 'sr314203n', 'Packager'),
('30-8953969', 773, '?85,698.44 ', 'rk384949o', 'Driver'),
('31-5831645', 865, '?58,714.12 ', 'va211893v', 'Driver'),
('31-7111614', 913, '?58,500.47 ', 'bp682069w', 'Driver'),
('31-7167962', 573, '?15,549.15 ', 'qy726870d', 'HR'),
('31-8312411', 697, '?50,921.83 ', 'eo514879y', 'Driver'),
('31-9709677', 737, '?32,079.57 ', 'fp198238e', 'Driver'),
('32-3604971', 809, '?14,162.95 ', 'eh265089x', 'Driver'),
('32-4834306', 703, '?59,706.55 ', 'rw267230v', 'Driver'),
('32-6251861', 1007, '?98,924.54 ', 'rs647299i', 'Packager'),
('33-0071114', 1034, '?61,500.70 ', 'aq503711l', 'HR'),
('33-0489054', 687, '?61,377.23 ', 'xa033094e', 'Packager'),
('33-1261585', 825, '?95,728.74 ', 'fh221614b', 'Driver'),
('33-1897506', 756, '?52,928.18 ', 'un133384d', 'Manager'),
('33-5159037', 753, '?67,306.02 ', 'vk466721d', 'Packager'),
('33-7183053', 698, '?53,031.50 ', 'nn735991o', 'HR'),
('33-7614004', 604, '?23,376.55 ', 'zz664726s', 'Packager'),
('34-2543597', 690, '?92,118.32 ', 'dy170889s', 'Packager'),
('34-2817296', 1057, '?31,521.70 ', 'dw387671h', 'Packager'),
('34-4740678', 904, '?56,278.62 ', 'yo417120d', 'Packager'),
('34-8601206', 641, '?61,015.90 ', 'za364662q', 'Driver'),
('34-8695852', 734, '?93,925.10 ', 'lr289379r', 'HR'),
('35-2689059', 813, '?36,180.91 ', 'pr407605t', 'Driver'),
('35-6685131', 661, '?47,949.95 ', 'ps562104c', 'Driver'),
('35-7212754', 735, '?13,347.31 ', 'uw834458r', 'Manager'),
('35-8208617', 578, '?72,894.00 ', 'jr596419t', 'Packager'),
('36-1132600', 1016, '?98,386.60 ', 'dc106173c', 'Driver'),
('36-1480567', 797, '?80,604.76 ', 'ib067151y', 'HR'),
('36-4190617', 881, '?54,281.26 ', 'gr760688u', 'Driver'),
('36-4580826', 638, '?85,391.76 ', 'dj312271a', 'Driver'),
('36-6348131', 672, '?25,694.32 ', 'bm829464z', 'Packager'),
('36-6943031', 966, '?21,505.69 ', 'op535073z', 'Packager'),
('36-7073092', 575, '?32,280.23 ', 'bl221585z', 'Packager'),
('37-0478226', 791, '?40,753.20 ', 'pw357899l', 'Packager'),
('37-1673392', 974, '?32,245.83 ', 'ct112101i', 'HR'),
('37-6605556', 956, '?67,037.04 ', 'vg977309d', 'Driver'),
('37-7900056', 1035, '?24,486.52 ', 'vd479897l', 'Packager'),
('37-8247167', 1020, '?70,979.93 ', 'eo273727q', 'Packager'),
('38-0609594', 796, '?69,660.66 ', 'ku940218f', 'Packager'),
('38-1272080', 776, '?42,919.29 ', 'zx396808c', 'Packager'),
('38-1884801', 879, '?75,580.43 ', 'hy568138e', 'Driver'),
('38-2126707', 963, '?35,513.16 ', 'vn364397s', 'Packager'),
('38-3647372', 816, '?67,072.08 ', 'lb767754c', 'Driver'),
('38-4369228', 882, '?13,685.06 ', 'ef765749d', 'Driver'),
('38-5473326', 858, '?89,549.75 ', 'kz832424w', 'Packager'),
('38-8885296', 915, '?84,423.53 ', 'ps334310v', 'Packager'),
('38-9798664', 693, '?17,020.16 ', 'fl067205y', 'Driver'),
('39-1227728', 1024, '?47,852.85 ', 'go119787t', 'HR'),
('39-4788866', 620, '?84,543.42 ', 'pg674068r', 'Packager'),
('40-0786243', 589, '?97,980.89 ', 'lh106861m', 'HR'),
('40-1037983', 788, '?90,622.48 ', 'bk920804k', 'Driver'),
('40-1136806', 958, '?89,162.28 ', 'qr454157y', 'Driver'),
('40-2208062', 660, '?62,818.83 ', 'zs026946u', 'Packager'),
('40-5288701', 561, '?71,557.80 ', 'dt545040m', 'Packager'),
('40-6943405', 1009, '?83,307.32 ', 'vz886203m', 'Driver'),
('41-1429269', 1040, '?81,648.46 ', 'rp562470q', 'Driver'),
('41-3216938', 783, '?56,988.53 ', 'zi901356n', 'Packager'),
('41-3268639', 899, '?43,444.78 ', 'uo254689s', 'Driver'),
('41-3659990', 563, '?83,681.20 ', 'qf137469l', 'Packager'),
('41-3975053', 654, '?63,359.81 ', 'pu346240t', 'HR'),
('41-6555988', 605, '?51,081.29 ', 'dp016938u', 'HR'),
('41-9319442', 819, '?48,099.78 ', 'ji602428k', 'Packager'),
('41-9645109', 1046, '?39,131.10 ', 'ls403208x', 'Driver'),
('42-0131259', 886, '?92,101.67 ', 'nm508435w', 'Driver'),
('42-0717807', 646, '?89,053.24 ', 'mu698813c', 'Packager'),
('42-1134854', 856, '?45,208.71 ', 'gq875183d', 'Driver'),
('42-2072103', 862, '?42,019.18 ', 'ie180913g', 'Packager'),
('42-5263028', 936, '?82,698.63 ', 'kc800413c', 'Packager'),
('42-7011523', 863, '?44,916.43 ', 'xh499685d', 'Packager'),
('42-7240015', 748, '?89,542.77 ', 'hg523274c', 'Packager'),
('42-8848918', 951, '?17,215.70 ', 'vv722651o', 'Packager'),
('43-2037577', 579, '?68,826.28 ', 'nj080641o', 'Driver'),
('43-6568300', 860, '?92,147.29 ', 'hx200738r', 'Packager'),
('43-7385696', 970, '?48,895.33 ', 'tk845900k', 'Driver'),
('43-8492699', 564, '?38,548.00 ', 'zt656754o', 'Driver'),
('44-1072008', 938, '?66,228.12 ', 'zi651705l', 'Driver'),
('44-4915402', 619, '?61,580.95 ', 'yg637206i', 'Driver'),
('44-7083318', 920, '?85,262.11 ', 'ku592945q', 'Packager'),
('45-1060690', 789, '?81,649.14 ', 'vr974451g', 'HR'),
('45-1168337', 947, '?95,249.87 ', 'eb401601e', 'Packager'),
('45-2811300', 763, '?54,982.88 ', 've944995l', 'Driver'),
('45-3804689', 852, '?66,117.54 ', 'ac869050u', 'Driver'),
('45-3951342', 591, '?80,039.37 ', 'io334297g', 'HR'),
('45-5773014', 717, '?22,053.53 ', 'nd673205l', 'Driver'),
('45-6995640', 625, '?12,758.05 ', 'fi299116a', 'Driver'),
('45-7500187', 695, '?37,428.34 ', 'zf490474b', 'Driver'),
('46-0059406', 718, '?60,710.92 ', 'ys652384q', 'Packager'),
('46-2600043', 871, '?54,544.33 ', 'tt394813q', 'Packager'),
('46-4344763', 754, '?88,061.49 ', 'sq353921l', 'Driver'),
('47-1387266', 738, '?56,671.63 ', 'ce665632s', 'Packager'),
('47-3147567', 815, '?74,080.45 ', 'yz717919v', 'Manager'),
('47-5302795', 905, '?92,669.35 ', 'rb204617t', 'Driver'),
('48-1799687', 746, '?32,502.37 ', 'lw132386n', 'Driver'),
('48-5840838', 784, '?91,219.79 ', 'yl966209u', 'HR'),
('48-9328765', 857, '?98,161.15 ', 'tq009471b', 'Packager'),
('49-1036239', 983, '?36,626.20 ', 'so040048u', 'Driver'),
('49-1159362', 1053, '?97,436.14 ', 'xd817271x', 'Driver'),
('49-1457327', 745, '?50,636.92 ', 'hp128399x', 'Driver'),
('49-2217652', 560, '?87,452.13 ', 'ht175666x', 'Packager'),
('49-5299749', 724, '?83,205.62 ', 'ah996640u', 'Driver'),
('49-6102253', 968, '?60,436.09 ', 'dl892664i', 'Driver'),
('49-9705882', 1050, '?23,326.81 ', 'fm907610k', 'Driver'),
('50-0945563', 590, '?66,223.46 ', 'uj306006a', 'Driver'),
('50-5810953', 846, '?80,581.88 ', 'fe255201p', 'Driver'),
('50-6111855', 706, '?86,414.16 ', 'ng987509r', 'Packager'),
('50-7117246', 943, '?99,084.22 ', 'pk662258w', 'Packager'),
('50-9092071', 580, '?14,441.41 ', 'qz236393m', 'Packager'),
('51-0122715', 823, '?63,482.01 ', 'kk311112p', 'Packager'),
('51-6967096', 1002, '?21,320.75 ', 'ed732328n', 'Driver'),
('51-7315582', 679, '?94,364.48 ', 'dn632963a', 'Driver'),
('51-7472749', 993, '?32,710.49 ', 'si278865g', 'Driver'),
('51-9601829', 982, '?21,773.24 ', 'er279775r', 'Driver'),
('52-0404205', 614, '?82,902.41 ', 'dd271029j', 'Packager'),
('52-1336694', 656, '?46,099.86 ', 'nz535691o', 'Driver'),
('52-4567561', 688, '?85,761.99 ', 'lc856388d', 'Packager'),
('52-4726377', 785, '?90,719.74 ', 'ry740755s', 'HR'),
('52-5735024', 988, '?34,806.46 ', 'wn058972w', 'Packager'),
('52-6674444', 954, '?29,289.03 ', 'ku840832k', 'Driver'),
('53-0431396', 662, '?99,061.45 ', 'wd175217c', 'Driver'),
('53-5630368', 767, '?26,964.71 ', 'ee740794t', 'Driver'),
('53-6948800', 761, '?74,486.86 ', 'cd290362a', 'Packager'),
('53-7191465', 587, '?32,281.47 ', 'vk993165i', 'Driver'),
('53-9062912', 711, '?59,458.15 ', 'zh337987i', 'Driver'),
('54-1117411', 1039, '?41,087.65 ', 'sh512546i', 'Driver'),
('54-5318903', 901, '?51,816.24 ', 'sw345892x', 'HR'),
('54-6428980', 867, '?89,572.34 ', 'hm636135w', 'Packager'),
('54-7676865', 854, '?38,143.51 ', 'ii522336e', 'Driver'),
('54-7904459', 960, '?51,642.73 ', 'sl566148h', 'Packager'),
('54-8296596', 875, '?87,912.38 ', 'tm808573f', 'Packager'),
('54-9522118', 1018, '?40,585.75 ', 'vm874796y', 'Manager'),
('55-0320348', 568, '?83,664.78 ', 'dr180938w', 'Driver'),
('55-3623151', 1083, '£17424.03', 'it152291r', 'Driver'),
('55-3650046', 864, '?51,185.61 ', 'xh198735c', 'Driver'),
('55-4384947', 890, '?80,059.87 ', 'mz193764k', 'Packager'),
('55-5908272', 876, '?65,853.46 ', 'ly831340g', 'Packager'),
('55-6072477', 645, '?82,140.98 ', 'mg195096h', 'Packager'),
('55-9616651', 696, '?55,605.57 ', 'tn328405l', 'Packager'),
('55-9770243', 769, '?35,334.78 ', 'pu508250s', 'Packager'),
('56-0484045', 924, '?36,487.51 ', 'np848289h', 'Driver'),
('56-3682739', 837, '?41,959.59 ', 'tg734644m', 'HR'),
('56-4309508', 676, '?85,017.74 ', 'of985665x', 'Packager'),
('56-7734821', 732, '?38,060.45 ', 'nh139989u', 'Packager'),
('57-1609142', 683, '?91,296.52 ', 'md982609a', 'Packager'),
('57-2548391', 990, '?45,230.72 ', 'ns537861h', 'Packager'),
('57-4162757', 647, '?37,954.91 ', 'ro435900h', 'Packager'),
('57-7596762', 649, '?14,722.35 ', 'ok001999u', 'Driver'),
('58-0128736', 780, '?13,440.04 ', 'wj636565x', 'Driver'),
('58-0824770', 709, '?40,677.89 ', 'hx158296g', 'Driver'),
('58-2471319', 949, '?77,184.02 ', 'vz575305z', 'Packager'),
('58-5912504', 972, '?51,318.65 ', 'ge941219f', 'Packager'),
('58-8249246', 616, '?34,269.41 ', 'rb919501k', 'Driver'),
('58-8390431', 903, '?19,209.80 ', 'ib637202u', 'Driver'),
('59-0150604', 757, '?87,584.21 ', 'vv093891d', 'HR'),
('59-0997098', 831, '?14,148.29 ', 'cm005454h', 'Packager'),
('59-1166943', 642, '?65,946.54 ', 'xp081647h', 'Packager'),
('59-2576093', 868, '?61,807.51 ', 'jx648488c', 'Packager'),
('59-4661298', 726, '?37,835.13 ', 'vu851838j', 'HR'),
('59-4684006', 663, '?62,378.68 ', 'df003975r', 'Packager'),
('59-5937939', 1000, '?89,177.07 ', 'zp730277w', 'Driver'),
('59-6274425', 586, '?92,884.08 ', 'ae100121f', 'Packager'),
('59-8314806', 569, '?67,107.29 ', 'gx924268x', 'Packager'),
('59-8381667', 908, '?92,664.30 ', 'dk443174l', 'HR'),
('60-0655971', 885, '?12,502.40 ', 'ap253442h', 'HR'),
('60-1691051', 622, '?48,040.51 ', 'qv299811c', 'Packager'),
('60-2276889', 678, '?43,734.59 ', 'uu534964w', 'Packager'),
('60-3158201', 800, '?78,619.51 ', 'lo612272u', 'Driver'),
('60-6270362', 929, '?78,594.80 ', 'qf112815j', 'Packager'),
('60-6428015', 772, '?51,844.54 ', 'rn693599v', 'Driver'),
('60-7601093', 668, '?85,741.90 ', 'rf462586d', 'HR'),
('60-9203590', 621, '?83,867.01 ', 'ee740085i', 'Packager'),
('61-7469906', 725, '?88,965.32 ', 'ns990887t', 'HR'),
('61-9391449', 585, '?37,061.26 ', 'mt812263o', 'Driver'),
('62-1957072', 877, '?41,808.84 ', 'nd981367q', 'HR'),
('62-2186332', 962, '?81,390.66 ', 'vw612487d', 'Driver'),
('62-4020686', 818, '?83,142.55 ', 'ie609169k', 'Packager'),
('62-4959178', 847, '?64,586.93 ', 'oh486872e', 'Packager'),
('62-6726896', 994, '?82,421.91 ', 'kt951067x', 'HR'),
('62-6894804', 628, '?39,159.86 ', 'cq847516d', 'Packager'),
('62-7019089', 996, '?88,965.75 ', 'yz407625p', 'Driver'),
('62-7120162', 704, '?97,520.73 ', 'na997468x', 'Driver'),
('63-0638100', 657, '?13,662.80 ', 'au549358u', 'Packager'),
('63-1545651', 1042, '?85,921.50 ', 'zc732912g', 'Packager'),
('63-1925261', 1054, '?14,811.14 ', 'vy468006g', 'Driver'),
('63-2539882', 870, '?80,717.20 ', 'pg514115j', 'Packager'),
('63-5722038', 907, '?95,626.81 ', 'hx643872o', 'Packager'),
('63-6111701', 651, '?58,829.33 ', 'ia005234g', 'Driver'),
('63-8802366', 921, '?54,393.78 ', 'fu609000b', 'Driver'),
('63-9116461', 613, '?27,880.52 ', 'qj799086z', 'HR'),
('63-9446221', 798, '?56,541.59 ', 'gi458830f', 'Packager'),
('64-0621633', 838, '?55,410.48 ', 'au449889p', 'Packager'),
('64-0636526', 764, '?39,943.08 ', 'hb766263l', 'Packager'),
('64-6729020', 934, '?87,543.10 ', 'yh646941o', 'Packager'),
('64-6879023', 707, '?74,713.01 ', 'yz865649d', 'Packager'),
('65-1738561', 940, '?17,891.12 ', 'tj978150h', 'Manager'),
('65-7661186', 680, '?53,121.90 ', 'jb039257n', 'Packager'),
('66-0739491', 570, '?58,941.46 ', 'nz662678p', 'Manager'),
('66-1883695', 977, '?33,284.78 ', 'ql642076f', 'Driver'),
('66-2361006', 807, '?81,724.41 ', 'og602265e', 'HR'),
('66-2522703', 840, '?20,416.96 ', 'gy674145h', 'HR'),
('66-2765926', 1030, '?96,193.45 ', 'sh419152d', 'Driver'),
('66-5805863', 750, '?81,193.24 ', 'na778983r', 'Driver'),
('66-7576883', 592, '?54,589.37 ', 'jd412382q', 'Driver'),
('67-4076527', 793, '?35,964.42 ', 'kh895707v', 'Packager'),
('67-5029558', 596, '?77,499.37 ', 've628368y', 'HR'),
('67-5304822', 965, '?85,586.57 ', 'ig939447u', 'Driver'),
('67-6284946', 778, '?19,945.20 ', 'ws189951j', 'Driver'),
('67-6903314', 824, '?93,942.93 ', 'ul176502b', 'Packager'),
('67-7636850', 623, '?58,909.33 ', 'vl606950t', 'Driver'),
('68-3132421', 762, '?69,134.66 ', 'pr574429q', 'Driver'),
('68-3172017', 828, '?55,384.02 ', 'yh345037b', 'Packager'),
('68-4171892', 565, '?20,293.38 ', 'to907441w', 'Packager'),
('68-5871521', 648, '?85,175.33 ', 'vg613456a', 'Driver'),
('68-6940299', 928, '?97,878.28 ', 'mw253204t', 'Driver'),
('68-7037451', 1047, '?34,145.23 ', 'ct629800a', 'Packager'),
('68-7096348', 792, '?80,568.78 ', 'gd794016y', 'Packager'),
('68-7504033', 1036, '?37,302.00 ', 'kn988197t', 'Driver'),
('68-8976238', 919, '?98,224.34 ', 'ub855681n', 'HR'),
('69-0393201', 992, '?77,974.79 ', 'ep586696m', 'Packager'),
('69-0536291', 665, '?34,370.50 ', 'dz195791x', 'Packager'),
('69-0803348', 598, '?67,023.77 ', 'mk604551h', 'Driver'),
('69-3965258', 747, '?33,511.85 ', 'gk840892x', 'Packager'),
('69-5458568', 845, '?76,167.80 ', 'ob669602j', 'Driver'),
('69-5925327', 957, '?15,069.38 ', 'ap767547i', 'Packager'),
('69-6968657', 944, '?86,102.65 ', 'lw629488e', 'Packager'),
('70-2965789', 669, '?49,943.14 ', 'sv922230q', 'Driver'),
('70-4763276', 768, '?92,757.77 ', 'uu528507s', 'Driver'),
('71-3652304', 673, '?16,929.76 ', 'wc844307p', 'Driver'),
('71-4783541', 937, '?49,471.98 ', 'fm459704k', 'Packager'),
('71-7374760', 595, '?21,930.10 ', 'lh444635g', 'Packager'),
('71-7837650', 999, '?67,736.10 ', 'yx527895g', 'Driver'),
('72-0413596', 933, '?15,689.28 ', 'mo726896p', 'HR'),
('72-2448628', 985, '?36,331.78 ', 'tv211484w', 'Packager'),
('72-3040567', 699, '?70,585.82 ', 'no949821c', 'Packager'),
('72-3549258', 771, '?90,668.84 ', 'ze015887n', 'Packager'),
('72-5913162', 566, '?37,428.03 ', 'du615694i', 'Packager'),
('72-6079643', 787, '?61,662.41 ', 'qv402258l', 'Driver'),
('72-7823438', 608, '?31,683.24 ', 'uv348158a', 'Driver'),
('72-9006336', 801, '?77,016.02 ', 'qf846140g', 'HR'),
('72-9328783', 1010, '?25,686.80 ', 'tx491950i', 'Packager'),
('73-2251057', 1019, '?72,963.41 ', 'cb298473a', 'Manager'),
('73-6200004', 716, '?45,954.79 ', 'kw585002h', 'Driver'),
('73-7147493', 632, '?78,083.27 ', 'df426741g', 'Driver'),
('74-0303597', 652, '?88,871.61 ', 'tx085395s', 'Manager'),
('74-9747670', 978, '?62,699.64 ', 'aq304702r', 'Driver'),
('75-0124112', 1026, '?57,947.01 ', 'ma973579k', 'Packager'),
('75-0131682', 848, '?15,153.98 ', 'bj869010d', 'Packager'),
('75-0328049', 822, '?71,258.15 ', 'sg232892l', 'Packager'),
('75-0958781', 610, '?31,440.81 ', 'of014519k', 'Driver'),
('75-1340477', 911, '?72,024.81 ', 'nu487701k', 'Driver'),
('75-6520267', 581, '?23,646.90 ', 'lp500272n', 'Driver'),
('75-6891165', 1038, '?62,045.69 ', 'lq983512u', 'Driver'),
('75-8250680', 640, '?93,389.40 ', 'us717372t', 'Packager'),
('75-9134355', 781, '?28,892.13 ', 'ew007431m', 'Driver'),
('76-0000021', 1043, '?43,733.47 ', 'xx491915v', 'HR'),
('76-0099650', 751, '?65,314.49 ', 'ww210857j', 'Driver'),
('76-2727093', 681, '?71,905.32 ', 'mg608324j', 'Driver'),
('76-2985832', 1021, '?42,779.29 ', 'uc493497v', 'Manager'),
('76-3367992', 601, '?86,046.49 ', 'sj533699h', 'Driver'),
('76-4036199', 653, '?90,864.71 ', 'yl605202h', 'Packager'),
('76-4086283', 923, '?91,412.37 ', 'fc920310o', 'Driver'),
('76-4940799', 898, '?87,575.30 ', 'vv690440b', 'Packager'),
('76-8791360', 803, '?30,662.87 ', 'uu202177x', 'Driver'),
('77-1835914', 804, '?94,451.03 ', 'mp067841c', 'Packager'),
('77-2348932', 979, '?39,168.52 ', 'ro907653y', 'HR'),
('77-5513461', 1014, '?60,586.79 ', 'zk782722r', 'Driver'),
('77-5748543', 906, '?38,753.87 ', 'xy286906n', 'Packager'),
('77-6317806', 839, '?57,007.18 ', 'hj451937l', 'HR'),
('77-7401728', 705, '?72,938.51 ', 'bn687310q', 'Driver'),
('77-8203719', 712, '?45,095.62 ', 'vy489059e', 'Driver'),
('78-0380118', 930, '?93,187.29 ', 'mo353148n', 'Driver'),
('78-1195027', 945, '?17,823.35 ', 'ul369491o', 'Driver'),
('78-4344207', 742, '?86,064.22 ', 'sk062184b', 'Driver'),
('78-6321379', 562, '?35,665.99 ', 'vb943949c', 'Driver'),
('78-8816060', 986, '?90,675.10 ', 'lh695834z', 'Driver'),
('78-9623211', 984, '?25,726.10 ', 'uv389552l', 'Packager'),
('79-0464882', 691, '?13,755.82 ', 'dt884304c', 'Driver'),
('79-1576734', 811, '?48,788.98 ', 'nv658761a', 'Packager'),
('79-4798875', 874, '?14,568.84 ', 'vv771459v', 'Driver'),
('79-5517945', 991, '?84,841.60 ', 'rc413749a', 'Packager'),
('79-9536595', 786, '?14,602.61 ', 'nt307553s', 'Driver'),
('80-3234805', 866, '?82,703.39 ', 'ry037414u', 'Packager'),
('80-6524018', 617, '?47,033.97 ', 'tn459758p', 'Packager'),
('80-7938995', 833, '?36,204.54 ', 'ly992939e', 'Driver'),
('80-7941049', 1012, '?67,648.79 ', 'ps295181z', 'HR'),
('80-8617080', 997, '?78,695.13 ', 'cc846598u', 'Driver'),
('81-0188200', 961, '?23,660.37 ', 'eb645921x', 'Driver'),
('81-2733835', 942, '?41,997.19 ', 'rr316532p', 'HR'),
('81-4865027', 674, '?46,710.64 ', 'vk802431y', 'Driver'),
('81-5031235', 1017, '?46,429.85 ', 'vg667583e', 'Driver'),
('81-5228790', 1022, '?40,348.66 ', 'vy525798f', 'Driver'),
('81-7038918', 884, '?30,986.25 ', 'dr489342o', 'Packager'),
('81-8060778', 812, '?85,869.29 ', 'sf717839d', 'HR'),
('82-1629865', 976, '?23,537.76 ', 'dz430103g', 'Driver'),
('82-2609006', 805, '?70,654.72 ', 'gx740846k', 'HR'),
('82-2981878', 981, '?31,735.68 ', 'ej657352g', 'Driver'),
('82-6558984', 806, '?50,633.71 ', 'kd209714d', 'Manager'),
('82-9457047', 880, '?56,425.54 ', 'lf092320a', 'Driver'),
('83-1009344', 926, '?61,818.38 ', 'nf421951o', 'Packager'),
('83-1217063', 853, '?94,882.77 ', 'zb232750v', 'Driver'),
('83-3514873', 1037, '?93,281.90 ', 'lv730967l', 'Packager'),
('83-4865660', 611, '?90,529.95 ', 'ak984038n', 'Manager'),
('83-5537250', 667, '?67,921.89 ', 'la176569w', 'Packager'),
('83-6435523', 889, '?24,202.05 ', 'wa954782v', 'Packager'),
('83-7810679', 841, '?92,319.52 ', 'xq363276d', 'Packager'),
('84-0386773', 1001, '?82,751.39 ', 'rs150649p', 'Driver'),
('84-3457422', 670, '?65,304.51 ', 'xe947994r', 'Driver'),
('84-3853067', 850, '?98,768.78 ', 'xa610379g', 'HR'),
('84-5153657', 1025, '?98,273.90 ', 'vg979335t', 'Driver'),
('84-8762859', 1028, '?21,438.35 ', 'nk424390j', 'Driver'),
('84-9275069', 900, '?55,255.85 ', 'xd785936e', 'Driver'),
('85-0601601', 1015, '?12,043.56 ', 'xc467370v', 'HR'),
('85-3334513', 659, '?58,884.21 ', 'op270447a', 'Driver'),
('85-4557957', 1011, '?44,265.60 ', 'ju063558q', 'Packager'),
('85-5431069', 675, '?97,251.70 ', 'xb125807v', 'HR'),
('85-7355238', 894, '?39,885.17 ', 'ux496294h', 'Packager'),
('85-7718619', 584, '?98,055.42 ', 'of102924m', 'HR'),
('86-1870935', 872, '?66,379.47 ', 'ds178316s', 'Driver'),
('86-2503827', 576, '?95,300.54 ', 'cz046288u', 'Driver'),
('86-5274202', 939, '?55,750.53 ', 'cw848240k', 'Packager'),
('87-1470903', 714, '?28,092.26 ', 'vu807135v', 'Packager'),
('87-1949652', 820, '?72,398.03 ', 'wu157014q', 'Driver'),
('87-3376412', 995, '?70,070.27 ', 'jn422060l', 'Driver'),
('87-4453963', 1049, '?46,783.79 ', 'er088315j', 'Driver'),
('87-6633787', 740, '?41,830.50 ', 'sm423704x', 'Manager'),
('87-7188668', 1048, '?90,004.65 ', 'kt389837b', 'HR'),
('87-8002965', 790, '?68,554.76 ', 'rp358778t', 'Manager'),
('87-8745898', 1032, '?60,453.87 ', 'yz604658j', 'Packager'),
('87-8762204', 782, '?65,976.34 ', 'lb704495e', 'Packager'),
('88-4435308', 883, '?84,591.95 ', 'ji880896f', 'Packager'),
('89-0022888', 955, '?15,353.78 ', 'nr398078m', 'Packager'),
('89-1889473', 1027, '?79,091.50 ', 'ap444024o', 'Packager'),
('89-4176534', 830, '?14,137.68 ', 'ui092814r', 'Driver'),
('89-4884561', 779, '?76,837.12 ', 'us493269a', 'HR'),
('89-5714177', 1013, '?99,191.41 ', 'vy437276r', 'Packager'),
('89-6058656', 843, '?60,909.78 ', 'bu861195y', 'Driver'),
('90-0686303', 607, '?59,728.01 ', 'sk016695u', 'Packager'),
('90-1403954', 600, '?78,815.19 ', 'ql321121l', 'Packager'),
('90-3945672', 729, '?37,009.12 ', 'jt347163f', 'Driver'),
('90-5035577', 775, '?81,126.94 ', 'sn878406k', 'HR'),
('90-6409982', 739, '?66,852.98 ', 'ms059474n', 'Driver'),
('90-9258513', 727, '?82,932.31 ', 'is015669m', 'Packager'),
('92-9480837', 861, '?38,220.79 ', 'wh734079v', 'Driver'),
('92-9623071', 1045, '?95,732.18 ', 'bn415170d', 'Driver'),
('92-9715314', 743, '?97,254.38 ', 'bt371843i', 'Driver'),
('93-0686984', 671, '?82,551.62 ', 'jc445141x', 'Driver'),
('93-5661312', 733, '?67,381.57 ', 'hm085014v', 'Manager'),
('93-5928498', 639, '?18,304.57 ', 'ik578743b', 'Packager'),
('93-8667645', 925, '?13,595.15 ', 'gj588599m', 'HR'),
('94-4705277', 650, '?14,870.36 ', 'xh603239m', 'Driver'),
('94-6907133', 935, '?82,703.00 ', 'mw080326p', 'Driver'),
('95-1174328', 752, '?29,749.03 ', 'ub404168r', 'Driver'),
('95-1790755', 918, '?62,596.85 ', 'lw151180l', 'Driver'),
('95-3517999', 842, '?56,092.80 ', 'hp673805w', 'Packager'),
('95-7092127', 728, '?62,408.05 ', 'do305555k', 'Packager'),
('96-0987852', 1058, '?81,005.05 ', 'rc734008g', 'Packager'),
('96-1648398', 1044, '?37,393.68 ', 'va219127u', 'Driver'),
('97-0147786', 799, '?89,561.58 ', 'wx774255i', 'HR'),
('97-0913105', 851, '?52,644.35 ', 'ob677832o', 'HR'),
('97-3138911', 637, '?23,002.76 ', 'ao592540g', 'Driver'),
('97-3703178', 759, '?31,866.49 ', 'gm065123w', 'HR'),
('97-4110845', 710, '?52,171.58 ', 'kc825703y', 'HR'),
('97-5558458', 689, '?45,859.99 ', 'qu905290s', 'Packager'),
('97-5683996', 677, '?13,017.59 ', 'vs049545n', 'Driver'),
('97-6528129', 946, '?23,811.76 ', 'ai316031z', 'Driver'),
('97-9018441', 626, '?91,483.69 ', 'po115732f', 'Driver'),
('98-1678319', 571, '?97,090.47 ', 'wh660279o', 'Driver'),
('98-3556505', 973, '?92,356.56 ', 'wk661827y', 'Driver'),
('98-4762907', 597, '?91,733.92 ', 'kd444344u', 'Driver'),
('98-9650752', 760, '?94,129.62 ', 'hm391563j', 'Packager'),
('99-0222188', 629, '?95,600.64 ', 'gb123108s', 'Packager'),
('99-1372878', 774, '?84,021.43 ', 'zy295345w', 'HR'),
('99-4615801', 721, '?50,699.73 ', 'kv498760u', 'Driver'),
('99-4988360', 827, '?31,442.08 ', 'ev422969a', 'Packager'),
('99-6209168', 826, '?44,136.49 ', 'tm559297a', 'HR');

--
-- Triggers `Employee`
--
DELIMITER $$
CREATE TRIGGER `before_employee_deletion` AFTER DELETE ON `Employee` FOR EACH ROW BEGIN
    INSERT INTO Terminated_Contract(deleted_emp_id,date_of_deletion,time_of_deletion, emp_incharge) VALUES(OLD.employee_ID,CURRENT_DATE(),CURRENT_TIME(),(SELECT emp_incharge FROM Incharge WHERE sr_no=(SELECT MAX(sr_no) FROM Incharge)));

END
$$
DELIMITER ;

-- --------------------------------------------------------

--
-- Table structure for table `employees`
--

CREATE TABLE `employees` (
  `emp_id` varchar(10) CHARACTER SET utf8 COLLATE utf8_unicode_ci DEFAULT NULL,
  `name` varchar(22) CHARACTER SET utf8 COLLATE utf8_unicode_ci DEFAULT NULL,
  `address` varchar(27) CHARACTER SET utf8 COLLATE utf8_unicode_ci DEFAULT NULL,
  `salary` varchar(11) CHARACTER SET utf8 COLLATE utf8_unicode_ci DEFAULT NULL,
  `dob` varchar(10) CHARACTER SET utf8 COLLATE utf8_unicode_ci DEFAULT NULL,
  `nin` varchar(9) CHARACTER SET utf8 COLLATE utf8_unicode_ci DEFAULT NULL,
  `department` varchar(8) CHARACTER SET utf8 COLLATE utf8_unicode_ci DEFAULT NULL,
  `emergency_name` varchar(23) CHARACTER SET utf8 COLLATE utf8_unicode_ci DEFAULT NULL,
  `emergency_relationship` varchar(13) CHARACTER SET utf8 COLLATE utf8_unicode_ci DEFAULT NULL,
  `emergency_phone` varchar(13) CHARACTER SET utf8 COLLATE utf8_unicode_ci DEFAULT NULL
) ENGINE=InnoDB DEFAULT CHARSET=utf8mb3;

--
-- Dumping data for table `employees`
--

INSERT INTO `employees` (`emp_id`, `name`, `address`, `salary`, `dob`, `nin`, `department`, `emergency_name`, `emergency_relationship`, `emergency_phone`) VALUES
('22-3708071', 'Rab Feast', '9503 Buell Drive', '?30,397.56 ', '01/04/1986', 'rb499211c', 'HR', 'Jereme Slayford', 'Girlfriend', '07721 065 357'),
('49-2217652', 'Georas Divisek', '25 Moulton Lane', '?87,452.13 ', '10/05/1951', 'ht175666x', 'Packager', 'Nessy Panting', 'Civil Partner', '07326 502 172'),
('40-5288701', 'Ame Balser', '2282 Sutteridge Lane', '?71,557.80 ', '22/01/1998', 'dt545040m', 'Packager', 'Kipp Lavens', 'Boyfriend', '07489 365 686'),
('78-6321379', 'Thea Bradborne', '3118 Lien Circle', '?35,665.99 ', '27/09/1967', 'vb943949c', 'Driver', 'Theo Sheard', 'Mother', '07356 401 825'),
('41-3659990', 'Ruperta Stobie', '2825 Pepper Wood Center', '?83,681.20 ', '17/09/1976', 'qf137469l', 'Packager', 'Joly Doram', 'Girlfriend', '07106 575 891'),
('43-8492699', 'Hortense Berecloth', '2 Barby Parkway', '?38,548.00 ', '29/07/1987', 'zt656754o', 'Driver', 'Baird Fingleton', 'Boyfriend', '07789 751 694'),
('68-4171892', 'Yoshi Peakman', '641 Warner Point', '?20,293.38 ', '06/03/1953', 'to907441w', 'Packager', 'Patty Horsburgh', 'Husband', '07924 918 978'),
('72-5913162', 'Rudolfo Norridge', '22 Golf Court', '?37,428.03 ', '24/08/1968', 'du615694i', 'Packager', 'Frazier Snelman', 'Boyfriend', '07235 513 354'),
('07-4517183', 'Rochell O\'Doohaine', '1802 Hayes Court', '?25,471.21 ', '08/11/1973', 'rz111360g', 'Packager', 'Regan Yarn', 'Mother', '07967 811 408'),
('55-0320348', 'Granville McKitterick', '04 Rieder Parkway', '?83,664.78 ', '20/02/1965', 'dr180938w', 'Driver', 'Zita Stanborough', 'Mother', '07532 693 273'),
('59-8314806', 'Scotty Keson', '14 Kipling Point', '?67,107.29 ', '12/08/1967', 'gx924268x', 'Packager', 'Norrie Aggis', 'Husband', '07390 692 263'),
('66-0739491', 'Latashia McGaugan', '1386 Artisan Parkway', '?58,941.46 ', '08/07/1992', 'nz662678p', 'Manager', 'Eada Silmon', 'Wife', '07007 182 872'),
('98-1678319', 'Lamar Chesters', '2234 Heffernan Place', '?97,090.47 ', '01/02/1952', 'wh660279o', 'Driver', 'Maryjo Elgie', 'Wife', '07007 723 133'),
('30-1322103', 'Earl Wagerfield', '34 Lillian Center', '?91,770.28 ', '05/04/1998', 'zw251674d', 'Packager', 'Bastian Walliker', 'Civil Partner', '07695 349 556'),
('31-7167962', 'Emanuele Strickland', '3772 Dawn Drive', '?15,549.15 ', '14/04/1967', 'qy726870d', 'HR', 'Winfred Moncey', 'Wife', '07510 608 683'),
('05-1945849', 'Cherilyn Jepps', '062 Nevada Parkway', '?85,550.33 ', '30/10/1971', 'xz796669h', 'Driver', 'Michaelina Brahms', 'Civil Partner', '07996 211 011'),
('36-7073092', 'Thelma Wilkie', '113 Badeau Plaza', '?32,280.23 ', '01/10/1984', 'bl221585z', 'Packager', 'Tabbitha Shemmans', 'Wife', '07625 474 049'),
('86-2503827', 'Nikola Henbury', '8116 Erie Junction', '?95,300.54 ', '28/03/1968', 'cz046288u', 'Driver', 'Jone Tatersale', 'Mother', '07761 255 990'),
('29-7832408', 'Lexine Joney', '73817 Muir Court', '?19,232.41 ', '07/04/1974', 'pk696816m', 'Packager', 'Quinn Goodfellow', 'Husband', '07755 486 861'),
('35-8208617', 'Sayre Simnel', '761 Kennedy Lane', '?72,894.00 ', '19/05/1952', 'jr596419t', 'Packager', 'Flory Billham', 'Husband', '07184 248 686'),
('43-2037577', 'Leisha Mieville', '027 Clarendon Center', '?68,826.28 ', '23/11/1950', 'nj080641o', 'Driver', 'Alyosha Halewood', 'Boyfriend', '07204 386 023'),
('50-9092071', 'Jodie Busswell', '8 Pepper Wood Avenue', '?14,441.41 ', '07/12/1958', 'qz236393m', 'Packager', 'Simone Kitchenman', 'Father', '07958 325 944'),
('75-6520267', 'Truda Edleston', '37994 Green Ridge Drive', '?23,646.90 ', '07/03/1966', 'lp500272n', 'Driver', 'Tyler Rowsell', 'Wife', '07753 973 466'),
('12-5128654', 'Hadlee Stealey', '0 4th Court', '?52,510.07 ', '17/11/1997', 'tf577069v', 'Packager', 'Renee Kubatsch', 'Mother', '07643 213 336'),
('10-4168432', 'Robinetta Triswell', '5 Independence Trail', '?74,033.43 ', '29/09/1956', 'eu934314q', 'Packager', 'Ivett Rapier', 'Boyfriend', '07016 239 710'),
('85-7718619', 'Rhody Yaxley', '90344 Merrick Crossing', '?98,055.42 ', '24/01/1983', 'of102924m', 'HR', 'Margot Santos', 'Girlfriend', '07915 649 295'),
('61-9391449', 'Lester Carmo', '6 Buell Trail', '?37,061.26 ', '02/02/1997', 'mt812263o', 'Driver', 'Alis Plaster', 'Father', '07547 928 939'),
('59-6274425', 'Talbert Abbotts', '29565 Jenifer Court', '?92,884.08 ', '13/08/1996', 'ae100121f', 'Packager', 'Jon McAlester', 'Husband', '07015 001 355'),
('53-7191465', 'Delila Folland', '5993 Warner Park', '?32,281.47 ', '27/11/1955', 'vk993165i', 'Driver', 'Cori Phillipps', 'Husband', '07572 306 041'),
('30-2374884', 'Felicdad Escala', '26 Holy Cross Place', '?22,260.80 ', '27/11/1976', 'ei636866y', 'Driver', 'Alonzo Whilder', 'Boyfriend', '07404 498 162'),
('40-0786243', 'Oswell Beddingham', '12989 Village Green Street', '?97,980.89 ', '24/04/1953', 'lh106861m', 'HR', 'Leslie Keningham', 'Father', '07765 606 938'),
('50-0945563', 'Ashbey England', '3 Oneill Crossing', '?66,223.46 ', '18/09/1979', 'uj306006a', 'Driver', 'Tim Stiff', 'Girlfriend', '07764 772 037'),
('45-3951342', 'Chris Skittrell', '174 Namekagon Court', '?80,039.37 ', '23/08/1986', 'io334297g', 'HR', 'Arthur Landsborough', 'Mother', '07679 670 222'),
('66-7576883', 'Dur Janodet', '91175 Northland Hill', '?54,589.37 ', '17/04/1950', 'jd412382q', 'Driver', 'Golda Preston', 'Father', '07636 377 875'),
('06-9710935', 'Wileen Elwell', '82 Tennyson Alley', '?78,678.52 ', '21/09/1991', 'no969473z', 'Packager', 'Stevy Cestard', 'Husband', '07510 562 958'),
('14-1209073', 'Cheri Cancellieri', '97763 Anhalt Way', '?62,678.28 ', '07/09/1993', 'fj377449j', 'Driver', 'Leesa Bonhome', 'Wife', '07668 929 915'),
('71-7374760', 'Alfie Dean', '15 Mccormick Point', '?21,930.10 ', '10/03/1963', 'lh444635g', 'Packager', 'Godard Klimmek', 'Wife', '07219 099 770'),
('67-5029558', 'Gianina Leppington', '1 Jenifer Park', '?77,499.37 ', '27/05/1979', 've628368y', 'HR', 'Joycelin Mushet', 'Father', '07772 470 745'),
('98-4762907', 'Nari Crawshaw', '40 Debra Center', '?91,733.92 ', '21/03/1992', 'kd444344u', 'Driver', 'Ewart Benton', 'Civil Partner', '07888 475 034'),
('69-0803348', 'Editha Anney', '271 Browning Plaza', '?67,023.77 ', '23/08/2001', 'mk604551h', 'Driver', 'Lloyd Pidon', 'Boyfriend', '07416 146 403'),
('03-3544565', 'Feodor Inge', '5 Knutson Plaza', '?91,614.47 ', '03/12/1961', 'en390360s', 'Packager', 'Nolie Turfitt', 'Boyfriend', '07872 652 134'),
('90-1403954', 'Jeffy Camel', '067 Columbus Street', '?78,815.19 ', '19/11/1987', 'ql321121l', 'Packager', 'Vinnie Parr', 'Father', '07792 234 252'),
('76-3367992', 'Pammy Sterling', '466 Northfield Alley', '?86,046.49 ', '21/04/1966', 'sj533699h', 'Driver', 'Milty Corney', 'Husband', '07432 348 532'),
('20-2758343', 'Harrison Waller-Bridge', '73899 Sachtjen Alley', '?39,846.48 ', '25/04/1991', 'dw797814s', 'HR', 'Alaine Gozney', 'Girlfriend', '07874 802 135'),
('05-1128789', 'Paulita Casewell', '18 Riverside Trail', '?73,099.76 ', '15/06/1995', 'ds948250k', 'Driver', 'Bambie Bennell', 'Father', '07411 921 600'),
('33-7614004', 'Modesty Chicchelli', '74 Bashford Pass', '?23,376.55 ', '22/01/1961', 'zz664726s', 'Packager', 'Antoine De Caville', 'Father', '07676 274 711'),
('41-6555988', 'Marwin Raybould', '925 Novick Lane', '?51,081.29 ', '31/05/1983', 'dp016938u', 'HR', 'Margette Osman', 'Girlfriend', '07794 678 823'),
('16-0283796', 'Delphinia Skelhorn', '115 Cody Point', '?91,026.23 ', '29/08/1969', 'mx935884p', 'Driver', 'Zita Greasty', 'Father', '07672 610 977'),
('90-0686303', 'Ludovika Blucher', '0141 Forest Alley', '?59,728.01 ', '13/01/1956', 'sk016695u', 'Packager', 'Wain Savine', 'Civil Partner', '07473 391 474'),
('72-7823438', 'Adrienne Myall', '9 Oneill Place', '?31,683.24 ', '11/08/1972', 'uv348158a', 'Driver', 'Taylor Screach', 'Civil Partner', '07029 866 049'),
('29-6571924', 'Arne Bosson', '77803 Messerschmidt Park', '?73,371.57 ', '28/01/2001', 'ux813250n', 'Packager', 'Haroun Izakovitz', 'Husband', '07369 136 446'),
('75-0958781', 'Velvet Carbine', '682 Kensington Drive', '?31,440.81 ', '12/04/1987', 'of014519k', 'Driver', 'Lorri Elkington', 'Girlfriend', '07692 074 959'),
('83-4865660', 'Jase Fulk', '80 Pennsylvania Center', '?90,529.95 ', '29/03/1984', 'ak984038n', 'Manager', 'Rosabella Howlin', 'Father', '07545 233 448'),
('10-6127924', 'Joshuah Faircliffe', '8 Merry Center', '?30,666.21 ', '16/09/1992', 'ft026339d', 'Packager', 'Freddie Lorie', 'Husband', '07975 207 662'),
('63-9116461', 'Aylmer Gabbatiss', '8828 Blue Bill Park Avenue', '?27,880.52 ', '20/09/1950', 'qj799086z', 'HR', 'Paxton Aspole', 'Boyfriend', '07789 380 331'),
('52-0404205', 'Pierce Kemp', '63008 Raven Place', '?82,902.41 ', '29/06/1984', 'dd271029j', 'Packager', 'Seumas Ivantsov', 'Husband', '07643 549 188'),
('22-9529013', 'Reginauld Oak', '8 Pleasure Drive', '?80,693.80 ', '25/03/1955', 'ju954932e', 'Packager', 'Hieronymus Eldon', 'Mother', '07315 598 289'),
('58-8249246', 'Maggi Hamshar', '92344 Main Avenue', '?34,269.41 ', '19/04/1950', 'rb919501k', 'Driver', 'Theresina Tring', 'Civil Partner', '07536 036 354'),
('80-6524018', 'Ambur Challenor', '2 Morning Crossing', '?47,033.97 ', '17/09/1955', 'tn459758p', 'Packager', 'Eilis Domenici', 'Civil Partner', '07141 393 691'),
('30-3058947', 'Hettie Broadbent', '5 Rowland Road', '?74,439.57 ', '29/05/1950', 'an167975t', 'Packager', 'Paten Velten', 'Husband', '07747 283 371'),
('44-4915402', 'Phaidra Ivey', '46 Toban Lane', '?61,580.95 ', '02/01/1970', 'yg637206i', 'Driver', 'Franz Barribal', 'Mother', '07304 601 591'),
('39-4788866', 'Phillida Musicka', '111 Twin Pines Center', '?84,543.42 ', '22/10/1973', 'pg674068r', 'Packager', 'Coleen McPhater', 'Father', '07695 675 287'),
('60-9203590', 'Shoshana Downie', '8416 Carberry Crossing', '?83,867.01 ', '02/05/1998', 'ee740085i', 'Packager', 'Montague Giles', 'Girlfriend', '07602 582 994'),
('60-1691051', 'Winnah Gillott', '40711 Dayton Plaza', '?48,040.51 ', '31/12/1982', 'qv299811c', 'Packager', 'Amabelle McFaell', 'Mother', '07406 136 450'),
('67-7636850', 'Felice Plaide', '0617 Daystar Drive', '?58,909.33 ', '05/03/1953', 'vl606950t', 'Driver', 'Codee Hurndall', 'Boyfriend', '07296 394 678'),
('15-5837614', 'Loren Kupper', '24 West Plaza', '?92,010.30 ', '10/07/1999', 'tx310999b', 'Driver', 'Lazarus Pomeroy', 'Boyfriend', '07288 097 464'),
('45-6995640', 'Sigfrid Mankor', '9773 Old Shore Way', '?12,758.05 ', '13/07/1997', 'fi299116a', 'Driver', 'Troy Connock', 'Boyfriend', '07603 307 243'),
('97-9018441', 'Morganica Dracksford', '867 Pierstorff Hill', '?91,483.69 ', '03/08/1986', 'po115732f', 'Driver', 'Rorie Silverton', 'Civil Partner', '07675 154 777'),
('02-1151200', 'Bax Di Gregorio', '34063 Fordem Way', '?76,631.69 ', '13/01/1983', 'kt775367m', 'Driver', 'Eb Ludlem', 'Boyfriend', '07258 306 130'),
('62-6894804', 'Merrie Stayt', '0 Manufacturers Alley', '?39,159.86 ', '04/10/1995', 'cq847516d', 'Packager', 'Sumner Armer', 'Civil Partner', '07124 699 528'),
('99-0222188', 'Lonnie Niessen', '754 Lien Road', '?95,600.64 ', '12/04/1977', 'gb123108s', 'Packager', 'Ashley Jeenes', 'Wife', '07512 219 266'),
('29-5105992', 'Borg Szymanzyk', '41 Amoth Crossing', '?77,828.80 ', '26/02/1998', 'hm134578n', 'Driver', 'Bobby Breslin', 'Boyfriend', '07156 132 741'),
('11-9162644', 'Ninnette Reach', '018 2nd Parkway', '?33,411.86 ', '11/04/2002', 'qi586048l', 'Driver', 'Gerry Bastone', 'Boyfriend', '07831 515 385'),
('73-7147493', 'Chelsea Robertucci', '94833 Northview Way', '?78,083.27 ', '28/12/1956', 'df426741g', 'Driver', 'Alysa Bonavia', 'Husband', '07998 104 368'),
('16-1242322', 'Gris Elington', '12 School Way', '?40,776.94 ', '30/12/1963', 'sp696523t', 'Driver', 'Jon Guisby', 'Boyfriend', '07770 964 956'),
('09-4856118', 'Sofie Cavaney', '12677 Northridge Alley', '?19,096.73 ', '24/10/1966', 'hg982259y', 'Driver', 'Krisha Mingasson', 'Mother', '07594 793 358'),
('24-4677621', 'Derril Scaife', '4 Tony Street', '?82,281.31 ', '08/01/1965', 'qb596623c', 'Packager', 'Inness Hendrick', 'Father', '07196 056 242'),
('06-0280761', 'Odey Smeeth', '46584 Kedzie Point', '?97,871.00 ', '23/07/2000', 'rz638367h', 'HR', 'Troy Danielis', 'Boyfriend', '07543 372 808'),
('97-3138911', 'Alvina Paterno', '09 Golf Drive', '?23,002.76 ', '21/06/1986', 'ao592540g', 'Driver', 'Sal Bruckstein', 'Wife', '07113 310 488'),
('36-4580826', 'Olivia MacPhee', '09 Saint Paul Point', '?85,391.76 ', '01/02/1963', 'dj312271a', 'Driver', 'Trey Shannon', 'Husband', '07275 260 538'),
('93-5928498', 'Sukey Roddan', '5 Gulseth Center', '?18,304.57 ', '06/04/1979', 'ik578743b', 'Packager', 'Wanids Dunckley', 'Boyfriend', '07415 773 406'),
('75-8250680', 'Conney Ferras', '43048 American Ash Hill', '?93,389.40 ', '19/07/1993', 'us717372t', 'Packager', 'Dagmar Ranahan', 'Mother', '07367 105 969'),
('34-8601206', 'Dulcia Antonutti', '9 Kingsford Plaza', '?61,015.90 ', '19/07/1996', 'za364662q', 'Driver', 'Pandora Furnell', 'Husband', '07519 157 083'),
('59-1166943', 'Parker Filippov', '9 Granby Terrace', '?65,946.54 ', '05/03/1995', 'xp081647h', 'Packager', 'Rora Windross', 'Boyfriend', '07964 139 091'),
('17-5831110', 'Viviana Dreschler', '3 Oak Terrace', '?56,587.83 ', '28/11/1954', 'vx435216w', 'Driver', 'Hurley Nadin', 'Husband', '07141 801 105'),
('19-1277494', 'Perice Abramovitz', '2354 Jenifer Place', '?55,612.48 ', '30/09/1964', 'bs437833j', 'Packager', 'Sella Ronca', 'Civil Partner', '07235 827 256'),
('55-6072477', 'Waring Durkin', '9597 Towne Center', '?82,140.98 ', '07/03/1984', 'mg195096h', 'Packager', 'Paolina Rosenwasser', 'Wife', '07405 739 948'),
('42-0717807', 'Robin Bartkowiak', '5559 Shelley Circle', '?89,053.24 ', '14/07/1988', 'mu698813c', 'Packager', 'Rollo Olczak', 'Mother', '07268 021 034'),
('57-4162757', 'Beulah Vala', '07601 Sunfield Hill', '?37,954.91 ', '09/09/1951', 'ro435900h', 'Packager', 'Scarlet Maps', 'Girlfriend', '07959 819 817'),
('68-5871521', 'Bearnard Parysowna', '60052 Monument Alley', '?85,175.33 ', '08/09/1985', 'vg613456a', 'Driver', 'Ernestine Syne', 'Father', '07699 779 427'),
('57-7596762', 'Joelie Bacchus', '0374 Pawling Hill', '?14,722.35 ', '09/10/1978', 'ok001999u', 'Driver', 'Emmy Giraldo', 'Boyfriend', '07456 139 081'),
('94-4705277', 'Orton Willmore', '4 Pine View Street', '?14,870.36 ', '31/01/1985', 'xh603239m', 'Driver', 'Timothy Reck', 'Civil Partner', '07149 504 735'),
('63-6111701', 'Fayre Tomney', '1506 Ryan Point', '?58,829.33 ', '23/07/1979', 'ia005234g', 'Driver', 'Berty Brimblecomb', 'Girlfriend', '07765 565 720'),
('74-0303597', 'Bria Thomkins', '7 Homewood Road', '?88,871.61 ', '01/04/1952', 'tx085395s', 'Manager', 'Reed Easterfield', 'Civil Partner', '07523 340 134'),
('76-4036199', 'Noni Szymoni', '6 Kedzie Circle', '?90,864.71 ', '09/02/1959', 'yl605202h', 'Packager', 'Joyce Jaynes', 'Civil Partner', '07184 014 200'),
('41-3975053', 'Felipe Ferschke', '5508 Hauk Terrace', '?63,359.81 ', '25/12/1986', 'pu346240t', 'HR', 'Sibyl Mabson', 'Civil Partner', '07924 859 819'),
('17-1342407', 'Mala Eyree', '6 Dorton Circle', '?24,532.92 ', '14/07/1993', 'kf326923s', 'Driver', 'Traci Hammersley', 'Wife', '07950 182 116'),
('52-1336694', 'Renaldo Fussey', '7 Northland Street', '?46,099.86 ', '11/04/1955', 'nz535691o', 'Driver', 'Gloriana McFade', 'Husband', '07061 354 829'),
('63-0638100', 'Edd Speere', '812 High Crossing Junction', '?13,662.80 ', '05/01/1950', 'au549358u', 'Packager', 'Kristopher Pawfoot', 'Boyfriend', '07623 018 398'),
('26-3324931', 'Nelle Thams', '04 Weeping Birch Junction', '?12,571.28 ', '16/12/1982', 'qj455525d', 'Driver', 'Jaime Picford', 'Mother', '07745 996 565'),
('85-3334513', 'Benita Taffarello', '89784 Hollow Ridge Avenue', '?58,884.21 ', '24/11/1991', 'op270447a', 'Driver', 'Bron Danby', 'Mother', '07385 290 163'),
('40-2208062', 'Sonny Tabrett', '25326 Briar Crest Hill', '?62,818.83 ', '29/01/1989', 'zs026946u', 'Packager', 'Bibbie Tradewell', 'Wife', '07829 257 797'),
('35-6685131', 'Shaw Brandsen', '55545 Toban Trail', '?47,949.95 ', '22/10/1974', 'ps562104c', 'Driver', 'Ada Vaissiere', 'Girlfriend', '07065 792 686'),
('53-0431396', 'Demetrius Lowmass', '8 Stone Corner Crossing', '?99,061.45 ', '24/07/1968', 'wd175217c', 'Driver', 'Emelen Spender', 'Father', '07345 326 453'),
('59-4684006', 'Angie Waddams', '82 Truax Crossing', '?62,378.68 ', '10/01/1996', 'df003975r', 'Packager', 'Husain Yerborn', 'Civil Partner', '07241 523 713'),
('20-5440287', 'Doralyn Freemantle', '33 Gateway Crossing', '?36,023.61 ', '11/05/1994', 'oj166622v', 'Driver', 'Adena Vasyuchov', 'Husband', '07515 558 479'),
('69-0536291', 'Jaime Woolhouse', '59 Jenna Park', '?34,370.50 ', '01/05/1977', 'dz195791x', 'Packager', 'Denys Tuckwood', 'Father', '07099 769 526'),
('14-9076003', 'Padgett Casel', '3552 Towne Road', '?61,058.36 ', '02/06/1956', 'ws394988s', 'Driver', 'Nathalia Frake', 'Boyfriend', '07568 334 465'),
('83-5537250', 'Arly Bartolommeo', '759 Esch Way', '?67,921.89 ', '12/02/1960', 'la176569w', 'Packager', 'Dickie Prophet', 'Wife', '07596 027 218'),
('60-7601093', 'Elnar Tabrett', '280 Drewry Way', '?85,741.90 ', '15/03/1963', 'rf462586d', 'HR', 'Shara Bernardy', 'Mother', '07045 228 558'),
('70-2965789', 'Lyell Brannan', '7 Anzinger Center', '?49,943.14 ', '05/09/1984', 'sv922230q', 'Driver', 'Domingo Zuppa', 'Boyfriend', '07642 910 675'),
('84-3457422', 'Ernestus Dewsnap', '937 Springs Road', '?65,304.51 ', '14/09/1963', 'xe947994r', 'Driver', 'Dixie Glazebrook', 'Mother', '07427 129 714'),
('93-0686984', 'Dirk Perrott', '679 Summer Ridge Road', '?82,551.62 ', '17/10/1995', 'jc445141x', 'Driver', 'Sansone Harragin', 'Mother', '07946 591 368'),
('36-6348131', 'Tedda Daggett', '12 Lindbergh Place', '?25,694.32 ', '30/05/1989', 'bm829464z', 'Packager', 'Stanley Duffitt', 'Boyfriend', '07136 718 165'),
('71-3652304', 'Esteban Ziemen', '4832 Pankratz Road', '?16,929.76 ', '01/07/1956', 'wc844307p', 'Driver', 'Ilyse Schultheiss', 'Wife', '07228 818 773'),
('81-4865027', 'Annette Josephs', '532 Kipling Place', '?46,710.64 ', '07/03/1960', 'vk802431y', 'Driver', 'Rouvin Von Oertzen', 'Mother', '07950 739 212'),
('85-5431069', 'Marney Kolak', '5 Merrick Road', '?97,251.70 ', '15/10/1978', 'xb125807v', 'HR', 'Murielle Suett', 'Husband', '07932 036 011'),
('56-4309508', 'Tessy Cartan', '75834 Burning Wood Parkway', '?85,017.74 ', '04/02/1985', 'of985665x', 'Packager', 'Conway Howman', 'Husband', '07285 064 810'),
('97-5683996', 'Cornie Hub', '564 Muir Alley', '?13,017.59 ', '01/04/1999', 'vs049545n', 'Driver', 'Darci Milbourne', 'Civil Partner', '07035 959 026'),
('60-2276889', 'Ransell Seakings', '1 Ramsey Park', '?43,734.59 ', '22/07/1995', 'uu534964w', 'Packager', 'Monro Piatkowski', 'Girlfriend', '07439 078 961'),
('51-7315582', 'Kathy Goodnow', '24494 Kenwood Alley', '?94,364.48 ', '05/05/1988', 'dn632963a', 'Driver', 'Braden Sabben', 'Girlfriend', '07264 110 068'),
('65-7661186', 'Lombard Debling', '36 Mayer Drive', '?53,121.90 ', '13/01/1989', 'jb039257n', 'Packager', 'Ross Little', 'Father', '07811 367 312'),
('76-2727093', 'Nesta Dottrell', '6 Ridgeway Court', '?71,905.32 ', '26/04/1981', 'mg608324j', 'Driver', 'Joe MacCleay', 'Mother', '07329 779 233'),
('18-0534773', 'Alix Ambrogelli', '60 North Place', '?62,229.76 ', '22/10/1960', 'ny144248g', 'Packager', 'Harrietta Arpin', 'Mother', '07469 896 525'),
('57-1609142', 'Jilly Skirvane', '4227 Darwin Circle', '?91,296.52 ', '27/04/1961', 'md982609a', 'Packager', 'Gearard Lindback', 'Father', '07918 823 802'),
('29-6656577', 'Lynne Muccino', '65 Northland Avenue', '?63,251.24 ', '27/05/1960', 'rg151568q', 'Driver', 'Mose Pulham', 'Boyfriend', '07818 864 970'),
('12-8760096', 'Mallorie De Brett', '1 Lillian Drive', '?27,166.70 ', '25/05/1987', 'gb976841w', 'Packager', 'Thain Kellard', 'Boyfriend', '07540 241 186'),
('22-3052971', 'Giorgia McCrohon', '80323 Myrtle Court', '?91,699.68 ', '09/02/1984', 'jk018371c', 'Driver', 'Goddard Schenkel', 'Boyfriend', '07248 542 532'),
('33-0489054', 'Onfre Woolmore', '7868 Pearson Hill', '?61,377.23 ', '22/11/1983', 'xa033094e', 'Packager', 'Erie Wardingly', 'Civil Partner', '07055 738 740'),
('52-4567561', 'Braden Wigin', '9641 Loftsgordon Park', '?85,761.99 ', '31/10/1983', 'lc856388d', 'Packager', 'Leia MacMearty', 'Father', '07525 541 001'),
('97-5558458', 'Sarina Kalb', '565 Annamark Alley', '?45,859.99 ', '14/11/1950', 'qu905290s', 'Packager', 'Perla Sokill', 'Girlfriend', '07455 033 890'),
('34-2543597', 'Rodina Ofener', '5556 Schmedeman Court', '?92,118.32 ', '13/07/1973', 'dy170889s', 'Packager', 'Megen Vynall', 'Wife', '07100 762 873'),
('79-0464882', 'Lia Hargreaves', '721 Graceland Alley', '?13,755.82 ', '03/08/1995', 'dt884304c', 'Driver', 'Becka Card', 'Father', '07503 035 492'),
('04-2758260', 'Simeon Dilworth', '749 Summit Circle', '?63,320.02 ', '10/04/1974', 'ql275702i', 'Driver', 'Filberto Railton', 'Wife', '07719 120 956'),
('38-9798664', 'Minor Bennion', '9756 Cottonwood Lane', '?17,020.16 ', '14/07/1958', 'fl067205y', 'Driver', 'Calv Alelsandrovich', 'Boyfriend', '07717 918 115'),
('18-3911956', 'Rafferty Edowes', '96 Helena Crossing', '?41,496.02 ', '24/07/1988', 'yk522444d', 'HR', 'Francene Licquorish', 'Husband', '07831 756 132'),
('45-7500187', 'Juditha Pesterfield', '076 Heath Drive', '?37,428.34 ', '19/10/1952', 'zf490474b', 'Driver', 'Agnella Wyman', 'Husband', '07269 336 319'),
('55-9616651', 'Murdock Linsay', '8 Shelley Terrace', '?55,605.57 ', '08/12/1992', 'tn328405l', 'Packager', 'Fae Whales', 'Boyfriend', '07698 294 787'),
('31-8312411', 'Georgine Winspare', '2732 Cottonwood Way', '?50,921.83 ', '10/10/1966', 'eo514879y', 'Driver', 'Nickolaus Riepel', 'Girlfriend', '07194 463 040'),
('33-7183053', 'Lucinda McGhee', '625 Mitchell Point', '?53,031.50 ', '26/03/1981', 'nn735991o', 'HR', 'Jacquette Cardenosa', 'Civil Partner', '07642 004 857'),
('72-3040567', 'Tanney Marques', '9382 Prairie Rose Alley', '?70,585.82 ', '19/02/1966', 'no949821c', 'Packager', 'Joel Laxson', 'Girlfriend', '07781 001 495'),
('02-9566746', 'Dud Firman', '467 Lighthouse Bay Junction', '?35,155.65 ', '08/08/1961', 'xs400698x', 'Packager', 'Forster Naisby', 'Civil Partner', '07236 732 030'),
('06-3396053', 'Hayes Butting', '120 Lotheville Pass', '?50,125.67 ', '26/09/1958', 'jm300330r', 'Packager', 'Margot Barabich', 'Boyfriend', '07585 007 222'),
('21-1787461', 'Stefa Stringman', '3 Lake View Lane', '?76,206.39 ', '09/12/1987', 'qn206371i', 'Driver', 'Brittan Rubroe', 'Girlfriend', '07620 851 960'),
('32-4834306', 'Andra Bamfield', '9799 Russell Crossing', '?59,706.55 ', '08/12/1967', 'rw267230v', 'Driver', 'Corabella Bitten', 'Boyfriend', '07918 827 977'),
('62-7120162', 'Fanni Melrose', '33 Sutteridge Parkway', '?97,520.73 ', '10/06/1962', 'na997468x', 'Driver', 'Malissa Scurrah', 'Wife', '07189 813 349'),
('77-7401728', 'Cloris Truckell', '84521 Pearson Street', '?72,938.51 ', '03/05/1995', 'bn687310q', 'Driver', 'Eben Samms', 'Wife', '07923 010 205'),
('50-6111855', 'Shepard Johansson', '22 Hudson Trail', '?86,414.16 ', '24/07/1986', 'ng987509r', 'Packager', 'Matias Ruckert', 'Girlfriend', '07792 360 390'),
('64-6879023', 'Brose Niece', '18466 Village Green Plaza', '?74,713.01 ', '02/02/1964', 'yz865649d', 'Packager', 'Annette Bydaway', 'Boyfriend', '07670 530 361'),
('10-6680137', 'Burnaby McGreay', '55 Hansons Center', '?54,552.70 ', '13/09/1971', 'xz020089e', 'Driver', 'Dion Tolson', 'Mother', '07154 115 530'),
('58-0824770', 'Zared Klulicek', '62958 Canary Junction', '?40,677.89 ', '22/07/1966', 'hx158296g', 'Driver', 'Johna Radki', 'Civil Partner', '07783 704 124'),
('97-4110845', 'Judah Groomebridge', '1714 Clyde Gallagher Point', '?52,171.58 ', '25/10/1959', 'kc825703y', 'HR', 'Asher Ferrarotti', 'Civil Partner', '07460 150 758'),
('53-9062912', 'Doralynn Suddaby', '4 Springview Plaza', '?59,458.15 ', '16/09/1952', 'zh337987i', 'Driver', 'Roddie O\' Molan', 'Boyfriend', '07464 651 444'),
('77-8203719', 'Netta McCabe', '1 Lakewood Gardens Plaza', '?45,095.62 ', '26/02/1998', 'vy489059e', 'Driver', 'Veradis Glidder', 'Girlfriend', '07392 244 305'),
('28-4979315', 'Sashenka Artin', '71 Talmadge Drive', '?36,543.57 ', '22/09/1982', 'tp697018e', 'Driver', 'Nichol Rawsthorne', 'Civil Partner', '07508 127 404'),
('87-1470903', 'Stafani Clampe', '8 Bultman Avenue', '?28,092.26 ', '05/05/1954', 'vu807135v', 'Packager', 'Toma Van\'t Hoff', 'Boyfriend', '07866 974 051'),
('24-6851371', 'Puff Speeding', '22016 New Castle Hill', '?78,841.84 ', '12/11/1951', 'mh954487u', 'Driver', 'Esme MacGlory', 'Girlfriend', '07291 150 140'),
('73-6200004', 'Marie Gummoe', '4 Debra Terrace', '?45,954.79 ', '31/07/1954', 'kw585002h', 'Driver', 'Thibaud Bladder', 'Mother', '07357 406 936'),
('45-5773014', 'Patric Etienne', '87269 Huxley Place', '?22,053.53 ', '24/12/1954', 'nd673205l', 'Driver', 'Ken Sloane', 'Mother', '07771 820 262'),
('46-0059406', 'Marylou McClunaghan', '7 Bluestem Pass', '?60,710.92 ', '24/09/1982', 'ys652384q', 'Packager', 'Paule Willingham', 'Father', '07689 398 886'),
('09-2857613', 'Faunie Testo', '903 Pawling Terrace', '?42,813.15 ', '02/09/1952', 'yh126921t', 'Driver', 'Lorrin Morman', 'Boyfriend', '07627 803 411'),
('11-6489646', 'Alfie Glasebrook', '5942 Del Mar Court', '?24,207.50 ', '25/08/1987', 'kc363601g', 'HR', 'Ogden Wynne', 'Father', '07740 998 062'),
('99-4615801', 'Meggi Abbado', '3078 Hoffman Junction', '?50,699.73 ', '17/02/1966', 'kv498760u', 'Driver', 'Mikey Vedeniktov', 'Boyfriend', '07326 764 405'),
('12-0104092', 'Gerladina MacGinney', '270 Melody Park', '?26,606.61 ', '29/12/1992', 'pc545418r', 'Packager', 'Sibyl Danovich', 'Girlfriend', '07655 343 095'),
('10-9736161', 'Pet Littrik', '19 Haas Pass', '?99,117.25 ', '01/10/1981', 'fa725896g', 'Driver', 'Cecil Gathercoal', 'Wife', '07480 391 714'),
('49-5299749', 'Vonny Meeny', '06702 Lawn Plaza', '?83,205.62 ', '24/01/1982', 'ah996640u', 'Driver', 'Farleigh Norwich', 'Husband', '07452 090 283'),
('61-7469906', 'Demetre Headrick', '98692 Forster Hill', '?88,965.32 ', '11/10/1963', 'ns990887t', 'HR', 'Conrado Laker', 'Girlfriend', '07004 401 178'),
('59-4661298', 'Stearne Stennet', '664 Warrior Drive', '?37,835.13 ', '08/04/1993', 'vu851838j', 'HR', 'Jenn Sander', 'Wife', '07434 841 982'),
('90-9258513', 'Yank Mullan', '94728 5th Center', '?82,932.31 ', '25/01/1986', 'is015669m', 'Packager', 'Cornie Moodie', 'Girlfriend', '07878 023 821'),
('95-7092127', 'Dulciana Duxfield', '44249 Westridge Drive', '?62,408.05 ', '18/10/1964', 'do305555k', 'Packager', 'Lee Burt', 'Mother', '07001 392 333'),
('90-3945672', 'Lianna Seden', '655 Superior Alley', '?37,009.12 ', '19/07/1964', 'jt347163f', 'Driver', 'Jacenta Slimme', 'Boyfriend', '07903 181 488'),
('20-9516100', 'Cordula Redsull', '3 Sullivan Lane', '?70,412.31 ', '14/05/1953', 'mu901992i', 'Driver', 'Noelle Physick', 'Mother', '07224 883 037'),
('17-1925809', 'Donella Chinery', '3 Tennessee Street', '?31,438.66 ', '12/02/1970', 'xr596082y', 'Packager', 'Klara Eckford', 'Girlfriend', '07580 481 684'),
('56-7734821', 'Micki Wyness', '26 Novick Plaza', '?38,060.45 ', '06/12/1974', 'nh139989u', 'Packager', 'Thedric Kenwright', 'Father', '07519 455 911'),
('93-5661312', 'Gordie Gaynesford', '4 Fordem Circle', '?67,381.57 ', '24/10/1986', 'hm085014v', 'Manager', 'Granville Hacket', 'Husband', '07058 101 214'),
('34-8695852', 'Reg Lanphier', '049 Cambridge Road', '?93,925.10 ', '09/12/1979', 'lr289379r', 'HR', 'Penelope Hancill', 'Mother', '07018 375 399'),
('35-7212754', 'Dorian Claringbold', '7422 Crownhardt Avenue', '?13,347.31 ', '18/11/1955', 'uw834458r', 'Manager', 'Amye Brecknock', 'Mother', '07633 415 279'),
('12-6888959', 'Benoit Collman', '827 Erie Junction', '?74,922.96 ', '12/12/1982', 'yc393041q', 'Packager', 'Neila Haimes', 'Girlfriend', '07794 407 646'),
('31-9709677', 'Heda Cathersides', '7 Laurel Park', '?32,079.57 ', '05/10/1995', 'fp198238e', 'Driver', 'Orelie Balasin', 'Civil Partner', '07971 986 560'),
('47-1387266', 'Bevon Gaskoin', '549 Oakridge Avenue', '?56,671.63 ', '06/06/2000', 'ce665632s', 'Packager', 'Bobbette Ruddlesden', 'Civil Partner', '07116 235 571'),
('90-6409982', 'Irv Tomsen', '0 Harper Way', '?66,852.98 ', '05/08/1995', 'ms059474n', 'Driver', 'Krissy Clayworth', 'Mother', '07448 190 979'),
('87-6633787', 'Vivie Jagels', '77 Dovetail Drive', '?41,830.50 ', '06/12/1964', 'sm423704x', 'Manager', 'Cassandra Merle', 'Mother', '07220 743 776'),
('13-9234597', 'Katya Ilewicz', '68697 Sutteridge Road', '?62,528.81 ', '21/08/1977', 'he783674o', 'Packager', 'Cull Harraway', 'Mother', '07970 418 060'),
('78-4344207', 'Aldridge Kensett', '94 Dunning Trail', '?86,064.22 ', '04/12/1987', 'sk062184b', 'Driver', 'Griffith Witherow', 'Father', '07449 485 950'),
('92-9715314', 'Larissa Holtham', '8751 Hoepker Circle', '?97,254.38 ', '15/01/1969', 'bt371843i', 'Driver', 'Frasquito Legerwood', 'Mother', '07484 895 380'),
('11-5411031', 'Joaquin Eringey', '890 Brickson Park Circle', '?76,521.21 ', '09/03/1959', 'di653042t', 'Driver', 'Damian Elsworth', 'Wife', '07934 375 220'),
('49-1457327', 'Sinclair Byfford', '201 Melody Parkway', '?50,636.92 ', '10/12/1981', 'hp128399x', 'Driver', 'Sallee Hughes', 'Mother', '07731 937 530'),
('48-1799687', 'Charissa Peattie', '6497 Haas Park', '?32,502.37 ', '23/06/1952', 'lw132386n', 'Driver', 'Prudi Blum', 'Girlfriend', '07262 636 173'),
('69-3965258', 'Archie Godden', '7 Marcy Road', '?33,511.85 ', '08/12/1979', 'gk840892x', 'Packager', 'Goran Lamburn', 'Father', '07304 482 930'),
('42-7240015', 'Godfrey Napoleon', '030 Fallview Court', '?89,542.77 ', '12/10/1966', 'hg523274c', 'Packager', 'Brose Jepp', 'Husband', '07935 559 320'),
('10-6321236', 'Janot Kleinsinger', '4324 Huxley Point', '?59,407.49 ', '05/10/1982', 'vw739034c', 'HR', 'Tasha Bromilow', 'Civil Partner', '07666 955 404'),
('66-5805863', 'Vincents De Bruijne', '3 Claremont Parkway', '?81,193.24 ', '20/03/1983', 'na778983r', 'Driver', 'Dominick Schirach', 'Girlfriend', '07814 696 449'),
('76-0099650', 'Tymon Smeal', '22635 Toban Court', '?65,314.49 ', '07/12/1983', 'ww210857j', 'Driver', 'Phyllys Lamey', 'Boyfriend', '07427 306 598'),
('95-1174328', 'Heath Manvell', '77 Westridge Road', '?29,749.03 ', '28/02/1970', 'ub404168r', 'Driver', 'Ham Snalum', 'Father', '07513 042 679'),
('33-5159037', 'Ina Farrans', '65968 Fairview Center', '?67,306.02 ', '10/03/1952', 'vk466721d', 'Packager', 'Hollie Hebble', 'Mother', '07399 003 920'),
('46-4344763', 'Benny Lander', '86904 Montana Road', '?88,061.49 ', '06/01/1991', 'sq353921l', 'Driver', 'Rorke Biles', 'Father', '07204 662 049'),
('22-6627032', 'Brynna Dyble', '0 Bonner Pass', '?23,496.30 ', '05/05/1979', 'al340446b', 'Packager', 'Noland Doret', 'Boyfriend', '07157 222 552'),
('33-1897506', 'Verla Seacroft', '0134 Fieldstone Trail', '?52,928.18 ', '18/05/2000', 'un133384d', 'Manager', 'Georgena Clappison', 'Husband', '07584 205 419'),
('59-0150604', 'Florry Oblein', '5 Elmside Lane', '?87,584.21 ', '20/12/1984', 'vv093891d', 'HR', 'Casie MacAirt', 'Civil Partner', '07394 653 792'),
('14-0432288', 'Marius Brosnan', '94941 Fairfield Terrace', '?35,816.39 ', '07/07/1996', 'fp824869e', 'Driver', 'Palmer Vial', 'Civil Partner', '07277 220 402'),
('97-3703178', 'Thatch Kinvig', '9 Fuller Street', '?31,866.49 ', '16/03/1983', 'gm065123w', 'HR', 'Mike Tiron', 'Girlfriend', '07100 728 296'),
('98-9650752', 'Alene Amiss', '07913 Jenna Trail', '?94,129.62 ', '25/08/1977', 'hm391563j', 'Packager', 'Cristina Ervine', 'Civil Partner', '07854 566 028'),
('53-6948800', 'Dorothea Trewinnard', '0 Stephen Way', '?74,486.86 ', '16/02/1998', 'cd290362a', 'Packager', 'Arielle Etock', 'Boyfriend', '07312 873 616'),
('68-3132421', 'Catlaina McInerney', '19 Aberg Plaza', '?69,134.66 ', '03/11/1953', 'pr574429q', 'Driver', 'Raphaela Fishlee', 'Girlfriend', '07691 368 084'),
('45-2811300', 'Veradis Wagstaff', '592 Sullivan Pass', '?54,982.88 ', '08/08/1951', 've944995l', 'Driver', 'Odo Frame', 'Mother', '07142 691 496'),
('64-0636526', 'Antonetta Beefon', '68 Blackbird Drive', '?39,943.08 ', '17/12/1961', 'hb766263l', 'Packager', 'Lief Wilhelmy', 'Boyfriend', '07972 492 545'),
('04-1386775', 'Omero Hurles', '878 Vidon Point', '?85,092.27 ', '25/05/1985', 'zz594734b', 'Driver', 'Judas Tonn', 'Mother', '07354 878 768'),
('19-1079892', 'Charline Saggers', '32 Burning Wood Alley', '?85,860.59 ', '26/11/1995', 'uw710251u', 'Packager', 'Concordia Marklund', 'Civil Partner', '07959 795 234'),
('53-5630368', 'Evey Luckman', '898 Butternut Point', '?26,964.71 ', '10/08/1992', 'ee740794t', 'Driver', 'Bradford Rudolf', 'Girlfriend', '07753 919 257'),
('70-4763276', 'Nikaniki Scarman', '81 Fallview Avenue', '?92,757.77 ', '05/12/1994', 'uu528507s', 'Driver', 'Letitia Ellph', 'Boyfriend', '07764 688 949'),
('55-9770243', 'Janeva Carlet', '5557 Washington Point', '?35,334.78 ', '18/07/1974', 'pu508250s', 'Packager', 'Kimmie McKevitt', 'Boyfriend', '07591 865 044'),
('24-9067553', 'Lief Schimann', '4786 Rowland Trail', '?87,146.69 ', '01/07/1957', 'xo554182r', 'Packager', 'Shannon McGinty', 'Girlfriend', '07499 192 522'),
('72-3549258', 'Bailey Lewington', '3 Bobwhite Center', '?90,668.84 ', '02/02/1993', 'ze015887n', 'Packager', 'Angus Ranscome', 'Boyfriend', '07105 859 928'),
('60-6428015', 'Fayette Hackin', '212 Loomis Trail', '?51,844.54 ', '31/03/1986', 'rn693599v', 'Driver', 'Birgitta Naerup', 'Wife', '07161 526 613'),
('30-8953969', 'Will Craik', '50 Florence Junction', '?85,698.44 ', '23/04/1998', 'rk384949o', 'Driver', 'Aaren Lomaz', 'Civil Partner', '07117 843 636'),
('99-1372878', 'Annnora Leabeater', '931 Waxwing Pass', '?84,021.43 ', '22/07/1962', 'zy295345w', 'HR', 'Leena Gorry', 'Father', '07049 508 215'),
('90-5035577', 'Isacco Chaperling', '71120 West Crossing', '?81,126.94 ', '03/11/1975', 'sn878406k', 'HR', 'Cindelyn Gallant', 'Husband', '07583 588 628'),
('38-1272080', 'Mozes Fishleigh', '2636 Burning Wood Crossing', '?42,919.29 ', '10/04/1952', 'zx396808c', 'Packager', 'Iolanthe Carlick', 'Girlfriend', '07006 963 911'),
('29-5209106', 'Mellisa Mapam', '65 Maryland Junction', '?85,398.19 ', '21/12/1961', 'wn277158x', 'Packager', 'Bastien Hollingshead', 'Girlfriend', '07250 548 384'),
('67-6284946', 'Alia Sygroves', '7 Roth Alley', '?19,945.20 ', '20/12/1967', 'ws189951j', 'Driver', 'Alameda Iacobacci', 'Wife', '07244 048 879'),
('89-4884561', 'Wynn Winterscale', '931 Warbler Road', '?76,837.12 ', '12/12/1989', 'us493269a', 'HR', 'Welbie Hearon', 'Mother', '07174 233 681'),
('58-0128736', 'Sandye How', '2 Fordem Street', '?13,440.04 ', '24/05/1963', 'wj636565x', 'Driver', 'Ethelbert Warret', 'Boyfriend', '07813 571 441'),
('75-9134355', 'Ramonda Overpool', '12879 Mayfield Lane', '?28,892.13 ', '01/03/1958', 'ew007431m', 'Driver', 'Alie Lutz', 'Civil Partner', '07880 354 813'),
('87-8762204', 'Patric Izsak', '02 Comanche Place', '?65,976.34 ', '10/09/1959', 'lb704495e', 'Packager', 'Alikee O\'Malley', 'Girlfriend', '07352 836 056'),
('41-3216938', 'Joeann Beckerleg', '6442 Dennis Street', '?56,988.53 ', '14/12/1992', 'zi901356n', 'Packager', 'Rustie Ridge', 'Husband', '07462 515 206'),
('48-5840838', 'Raquel Stave', '8 Springview Plaza', '?91,219.79 ', '21/06/1998', 'yl966209u', 'HR', 'Brien Narrie', 'Girlfriend', '07567 015 757'),
('52-4726377', 'Vania Simonsson', '666 Hoffman Parkway', '?90,719.74 ', '22/12/2001', 'ry740755s', 'HR', 'Eduino Gainsboro', 'Civil Partner', '07169 495 661'),
('79-9536595', 'Noni Abbatucci', '1 Monterey Center', '?14,602.61 ', '18/03/1989', 'nt307553s', 'Driver', 'Cybil Bemrose', 'Mother', '07078 712 010'),
('72-6079643', 'Leonelle Claridge', '09468 Lunder Place', '?61,662.41 ', '15/01/1974', 'qv402258l', 'Driver', 'Harlan Foxton', 'Husband', '07054 759 828'),
('40-1037983', 'Odelinda Wardingly', '069 Mesta Road', '?90,622.48 ', '07/07/1980', 'bk920804k', 'Driver', 'Lanny Pendred', 'Boyfriend', '07493 098 720'),
('45-1060690', 'Morgen Shortland', '3 Doe Crossing Trail', '?81,649.14 ', '17/08/2002', 'vr974451g', 'HR', 'Cooper Sillars', 'Husband', '07228 676 244'),
('87-8002965', 'Fredericka Mathivat', '370 Mendota Court', '?68,554.76 ', '17/04/1989', 'rp358778t', 'Manager', 'Reeba Lamartine', 'Mother', '07726 563 483'),
('37-0478226', 'Jenn Alsina', '281 Marquette Drive', '?40,753.20 ', '08/12/1987', 'pw357899l', 'Packager', 'Christoforo Decker', 'Husband', '07396 626 394'),
('68-7096348', 'Darsey Fryman', '996 Sauthoff Circle', '?80,568.78 ', '30/11/1974', 'gd794016y', 'Packager', 'Davey Gregan', 'Mother', '07204 221 186'),
('67-4076527', 'Clarissa Houson', '1 Granby Pass', '?35,964.42 ', '12/05/1975', 'kh895707v', 'Packager', 'Cordy Sudell', 'Father', '07007 011 997'),
('25-9736142', 'Aurore Neilson', '9 Darwin Parkway', '?53,082.75 ', '17/02/1981', 'bi255825p', 'Packager', 'Stearne Chaffer', 'Mother', '07640 868 506'),
('14-2911172', 'Koren McCluskey', '6677 Evergreen Plaza', '?73,800.93 ', '11/08/1955', 'ox915931w', 'Packager', 'Rolph Reast', 'Wife', '07388 570 448'),
('38-0609594', 'Bev Yakunikov', '50563 Waubesa Point', '?69,660.66 ', '07/02/1973', 'ku940218f', 'Packager', 'Bren Epperson', 'Girlfriend', '07295 123 244'),
('36-1480567', 'Skell Swainson', '31 Sundown Terrace', '?80,604.76 ', '12/05/1994', 'ib067151y', 'HR', 'Nola Yeowell', 'Mother', '07556 127 597'),
('63-9446221', 'Tybie Exell', '1 Anderson Plaza', '?56,541.59 ', '03/09/1985', 'gi458830f', 'Packager', 'Alberik Meaton', 'Boyfriend', '07785 086 128'),
('97-0147786', 'Haze Rosenbush', '0 Kropf Alley', '?89,561.58 ', '10/11/1995', 'wx774255i', 'HR', 'Joanie Scholtz', 'Husband', '07244 882 292'),
('60-3158201', 'Carlee Shearmur', '2 Vermont Terrace', '?78,619.51 ', '28/06/1966', 'lo612272u', 'Driver', 'Hiram Imrie', 'Husband', '07218 567 891'),
('72-9006336', 'Ikey Sholl', '62 North Place', '?77,016.02 ', '23/07/1985', 'qf846140g', 'HR', 'Marianne Elion', 'Mother', '07866 004 620'),
('02-4109274', 'Efren Sealove', '7623 Lien Center', '?59,217.95 ', '30/03/1967', 'jk980246h', 'Driver', 'Aksel Ticehurst', 'Girlfriend', '07496 100 258'),
('76-8791360', 'Afton Cassels', '4 Grover Way', '?30,662.87 ', '15/06/1984', 'uu202177x', 'Driver', 'Ryley Schieferstein', 'Mother', '07941 015 817'),
('77-1835914', 'Annabelle Caddies', '66 Loomis Alley', '?94,451.03 ', '26/03/1964', 'mp067841c', 'Packager', 'Lucila Farlamb', 'Husband', '07665 666 934'),
('82-2609006', 'Cyrus Willmetts', '470 Oakridge Circle', '?70,654.72 ', '02/08/1986', 'gx740846k', 'HR', 'Levon Bratt', 'Boyfriend', '07123 594 714'),
('82-6558984', 'Hebert Zaniolini', '8 Buell Place', '?50,633.71 ', '05/09/1991', 'kd209714d', 'Manager', 'Sim Sacher', 'Father', '07962 176 107'),
('66-2361006', 'Hillard Milan', '9010 Straubel Park', '?81,724.41 ', '06/04/1967', 'og602265e', 'HR', 'Janela Jeffels', 'Wife', '07747 406 557'),
('15-4783339', 'Ermengarde Breitling', '2376 Brentwood Place', '?18,516.54 ', '06/07/1963', 'qh838641y', 'HR', 'Bord Bartoletti', 'Mother', '07369 214 958'),
('32-3604971', 'Sterling Elgood', '428 8th Point', '?14,162.95 ', '05/12/1999', 'eh265089x', 'Driver', 'Dougy Hamlen', 'Boyfriend', '07003 409 288'),
('03-2826761', 'Pyotr Ingham', '81 John Wall Junction', '?38,532.11 ', '17/01/1990', 'ys435194s', 'Packager', 'Brnaby Snoday', 'Husband', '07570 183 764'),
('79-1576734', 'Malchy Kempshall', '5 Melby Plaza', '?48,788.98 ', '08/04/1950', 'nv658761a', 'Packager', 'Ossie McBean', 'Civil Partner', '07137 684 264'),
('81-8060778', 'Estevan Francesco', '2 Troy Avenue', '?85,869.29 ', '16/09/1970', 'sf717839d', 'HR', 'Jacki Tupling', 'Boyfriend', '07890 810 674'),
('35-2689059', 'Junette Hackforth', '74801 Lakewood Trail', '?36,180.91 ', '26/03/1998', 'pr407605t', 'Driver', 'Wain Corneck', 'Girlfriend', '07089 659 356'),
('27-8387260', 'Annetta Cock', '76245 Hoffman Court', '?90,559.92 ', '16/07/1984', 'vd818340c', 'Driver', 'Sara-ann Knoller', 'Civil Partner', '07189 537 844'),
('47-3147567', 'Britta Northin', '757 Ramsey Terrace', '?74,080.45 ', '11/09/1959', 'yz717919v', 'Manager', 'Sigmund McLafferty', 'Wife', '07996 723 103'),
('38-3647372', 'Carey Netley', '279 Helena Place', '?67,072.08 ', '22/10/1963', 'lb767754c', 'Driver', 'Giuseppe Petican', 'Wife', '07685 471 321'),
('20-7886428', 'Dael Confort', '0533 Grasskamp Park', '?56,391.77 ', '30/12/1999', 'ee121177l', 'Packager', 'Elisa McNamee', 'Boyfriend', '07173 106 494'),
('62-4020686', 'Tait Bremeyer', '82 Calypso Junction', '?83,142.55 ', '29/05/1950', 'ie609169k', 'Packager', 'Gina Manueli', 'Boyfriend', '07640 597 771'),
('41-9319442', 'Luisa Burtonwood', '554 Marcy Crossing', '?48,099.78 ', '02/12/1975', 'ji602428k', 'Packager', 'Ezmeralda Ertel', 'Boyfriend', '07929 318 804'),
('87-1949652', 'Malcolm Louys', '2 Ronald Regan Pass', '?72,398.03 ', '13/02/1996', 'wu157014q', 'Driver', 'Lelia Heppenspall', 'Mother', '07865 407 286'),
('30-7334418', 'Lorita Fere', '9899 Johnson Park', '?64,340.92 ', '26/07/1973', 'yh523785h', 'Packager', 'Darby Lias', 'Husband', '07194 892 472'),
('75-0328049', 'Cassy Hiddersley', '9902 Starling Circle', '?71,258.15 ', '03/09/1999', 'sg232892l', 'Packager', 'Samuele Solesbury', 'Wife', '07037 038 101'),
('51-0122715', 'Ardyce Calcraft', '953 Green Trail', '?63,482.01 ', '31/08/1982', 'kk311112p', 'Packager', 'Damara Dudny', 'Mother', '07425 771 845'),
('67-6903314', 'Dorene Ipplett', '87 Cardinal Court', '?93,942.93 ', '16/11/1986', 'ul176502b', 'Packager', 'Lew O\'Dempsey', 'Mother', '07885 465 113'),
('33-1261585', 'Bary Skoof', '20630 Tony Avenue', '?95,728.74 ', '02/12/2001', 'fh221614b', 'Driver', 'Benni Botting', 'Wife', '07639 903 071'),
('99-6209168', 'Renaud Skpsey', '4430 Fieldstone Alley', '?44,136.49 ', '26/01/2002', 'tm559297a', 'HR', 'Clotilda Blues', 'Girlfriend', '07754 815 231'),
('99-4988360', 'Carlie Braganza', '806 Sachs Parkway', '?31,442.08 ', '16/05/1964', 'ev422969a', 'Packager', 'Hadleigh Twining', 'Civil Partner', '07302 069 966'),
('68-3172017', 'Hayyim Fleay', '3644 Blaine Court', '?55,384.02 ', '05/02/1974', 'yh345037b', 'Packager', 'Aristotle MacGrath', 'Boyfriend', '07717 401 856'),
('27-8094243', 'Rhodia Realy', '2748 Wayridge Junction', '?54,901.54 ', '23/12/1959', 'sh464311u', 'Packager', 'Byran Greaser', 'Husband', '07556 017 337'),
('89-4176534', 'Conni Orhrt', '92 Moose Park', '?14,137.68 ', '09/05/2000', 'ui092814r', 'Driver', 'Zaneta Shrubb', 'Father', '07613 479 105'),
('59-0997098', 'Aila Paolillo', '41 Esker Terrace', '?14,148.29 ', '19/03/1975', 'cm005454h', 'Packager', 'Debera Itzkovich', 'Mother', '07196 432 406'),
('06-2857563', 'Osgood Sutherby', '88855 Merrick Road', '?27,045.62 ', '20/08/1990', 'ya877759r', 'Manager', 'Joyann Spellessy', 'Husband', '07873 688 139'),
('80-7938995', 'Armstrong Ivachyov', '41681 Welch Court', '?36,204.54 ', '10/12/1973', 'ly992939e', 'Driver', 'Fiorenze Elvey', 'Father', '07902 274 458'),
('15-6949928', 'Dominique Causon', '2 Mallard Way', '?61,194.11 ', '16/11/1978', 'jz826946h', 'Driver', 'Marwin Haburne', 'Husband', '07467 024 579'),
('18-3863597', 'Tamiko Holton', '49 Cody Lane', '?97,318.42 ', '15/10/1960', 'dm359618l', 'Packager', 'Hagen Lantoph', 'Wife', '07512 531 127'),
('08-4428147', 'Daryl Chartman', '2413 Ramsey Avenue', '?58,749.21 ', '06/08/1996', 'ad905076o', 'Packager', 'Sydel Dexter', 'Father', '07795 010 970'),
('56-3682739', 'Melany Klugel', '14577 Truax Alley', '?41,959.59 ', '18/05/1955', 'tg734644m', 'HR', 'Shannon Purdy', 'Mother', '07885 597 859'),
('64-0621633', 'Sigismundo FitzGibbon', '8 Gina Terrace', '?55,410.48 ', '14/06/1981', 'au449889p', 'Packager', 'Morley Mastrantone', 'Mother', '07615 396 907'),
('77-6317806', 'Keelby Pelling', '5 Jay Trail', '?57,007.18 ', '22/12/1965', 'hj451937l', 'HR', 'Clyve Pedroli', 'Father', '07680 068 925'),
('66-2522703', 'Alyss Nance', '0974 Red Cloud Junction', '?20,416.96 ', '07/09/1952', 'gy674145h', 'HR', 'Natassia Ludvigsen', 'Father', '07785 317 092'),
('83-7810679', 'Davie Cutill', '61998 Fisk Lane', '?92,319.52 ', '28/12/1961', 'xq363276d', 'Packager', 'Michale Kluger', 'Husband', '07685 967 303'),
('95-3517999', 'Garald Greenrde', '15302 Independence Drive', '?56,092.80 ', '04/09/1975', 'hp673805w', 'Packager', 'Caryl Coyle', 'Girlfriend', '07142 015 007'),
('89-6058656', 'Yorgos Philippard', '8976 Dakota Terrace', '?60,909.78 ', '13/07/1968', 'bu861195y', 'Driver', 'Violet Doutch', 'Wife', '07346 373 537'),
('01-9065592', 'Catina Josovitz', '09 Center Alley', '?78,353.10 ', '09/12/1974', 'gl907590t', 'Driver', 'Zachariah Trassler', 'Girlfriend', '07670 477 662'),
('69-5458568', 'Elvina Matuszynski', '6 Grover Road', '?76,167.80 ', '27/05/1956', 'ob669602j', 'Driver', 'Justinn Maginot', 'Civil Partner', '07255 258 700'),
('50-5810953', 'Jarad Thorowgood', '01 East Hill', '?80,581.88 ', '24/03/2000', 'fe255201p', 'Driver', 'Hurlee Bendle', 'Father', '07016 639 458'),
('62-4959178', 'Josie Henricsson', '8035 Brown Lane', '?64,586.93 ', '06/03/2001', 'oh486872e', 'Packager', 'Cathyleen Lindfors', 'Husband', '07119 333 689'),
('75-0131682', 'Charlot Dignall', '950 Arizona Terrace', '?15,153.98 ', '12/05/1972', 'bj869010d', 'Packager', 'Staci Normadell', 'Girlfriend', '07035 352 138'),
('29-6350132', 'Pietro Ochterlony', '75 Weeping Birch Junction', '?51,249.75 ', '28/08/1989', 'fv388894k', 'Packager', 'Willis Deary', 'Girlfriend', '07475 627 111'),
('84-3853067', 'Bianka Druce', '5 Pierstorff Plaza', '?98,768.78 ', '28/02/1955', 'xa610379g', 'HR', 'Marlie Schwaiger', 'Civil Partner', '07055 302 769'),
('97-0913105', 'Kelly Farragher', '6 Meadow Vale Trail', '?52,644.35 ', '20/10/1980', 'ob677832o', 'HR', 'Zaria Tallet', 'Boyfriend', '07473 173 088'),
('45-3804689', 'Pauly McDell', '4 Fordem Trail', '?66,117.54 ', '18/09/2001', 'ac869050u', 'Driver', 'Tam Howler', 'Boyfriend', '07107 484 803'),
('83-1217063', 'Viola Holleran', '877 Twin Pines Plaza', '?94,882.77 ', '23/03/1984', 'zb232750v', 'Driver', 'Francois Goodrick', 'Civil Partner', '07224 909 347'),
('54-7676865', 'Pepillo Maha', '2025 Waxwing Drive', '?38,143.51 ', '26/02/1953', 'ii522336e', 'Driver', 'Manfred Morston', 'Wife', '07857 880 717'),
('04-2608361', 'Homer Bresman', '84058 Hayes Parkway', '?66,224.45 ', '21/03/1970', 'ku802868l', 'Driver', 'Ileana Wicken', 'Girlfriend', '07816 723 310'),
('42-1134854', 'Norma Budgeon', '5061 Northland Place', '?45,208.71 ', '19/01/1986', 'gq875183d', 'Driver', 'Allie Hambleton', 'Wife', '07583 207 317'),
('48-9328765', 'Orsola Francillo', '31360 Debra Junction', '?98,161.15 ', '06/06/1970', 'tq009471b', 'Packager', 'Poul Poznan', 'Wife', '07353 747 279'),
('38-5473326', 'Feodora Benning', '620 Sachtjen Center', '?89,549.75 ', '18/02/1994', 'kz832424w', 'Packager', 'Chaddie Kelcey', 'Husband', '07135 140 819'),
('10-8148353', 'Frannie Pedron', '85 Meadow Valley Avenue', '?20,034.33 ', '10/10/1979', 'kw816523w', 'HR', 'Llywellyn Buckley', 'Girlfriend', '07978 885 045'),
('43-6568300', 'Gillan Stolberger', '04255 Mayfield Way', '?92,147.29 ', '01/06/1985', 'hx200738r', 'Packager', 'Nickie Driscoll', 'Husband', '07163 688 713'),
('92-9480837', 'Phyllis Lalevee', '77169 Sullivan Crossing', '?38,220.79 ', '06/03/1962', 'wh734079v', 'Driver', 'Tallie Huggon', 'Father', '07493 025 274'),
('42-2072103', 'Oates Snepp', '684 Park Meadow Junction', '?42,019.18 ', '29/07/1967', 'ie180913g', 'Packager', 'Papageno Baiyle', 'Girlfriend', '07413 999 083'),
('42-7011523', 'Giorgia Hynes', '23948 Ruskin Place', '?44,916.43 ', '15/01/1963', 'xh499685d', 'Packager', 'Harper Crutchley', 'Father', '07349 039 768'),
('55-3650046', 'Gerek Bardnam', '91085 Maple Court', '?51,185.61 ', '29/12/1966', 'xh198735c', 'Driver', 'Nanete Hassard', 'Boyfriend', '07005 200 200'),
('31-5831645', 'Sofia Skoof', '47354 Clyde Gallagher Point', '?58,714.12 ', '26/11/1965', 'va211893v', 'Driver', 'Coleen Tolley', 'Father', '07220 519 362'),
('80-3234805', 'Greer Durnford', '44200 Sauthoff Terrace', '?82,703.39 ', '16/11/1996', 'ry037414u', 'Packager', 'Mindy Gatch', 'Girlfriend', '07074 285 151'),
('54-6428980', 'Janek Semeradova', '12015 Dayton Trail', '?89,572.34 ', '06/08/1966', 'hm636135w', 'Packager', 'Bald Bennoe', 'Wife', '07580 556 646'),
('59-2576093', 'Katerina Barnfield', '34404 Bellgrove Avenue', '?61,807.51 ', '26/10/2000', 'jx648488c', 'Packager', 'Nancy Masterson', 'Father', '07031 588 061'),
('07-4724394', 'Christiane Barnes', '2958 Butterfield Point', '?51,949.10 ', '25/08/1965', 'vw694872r', 'Packager', 'Augustine Corstorphine', 'Father', '07793 242 869'),
('63-2539882', 'Darelle Peverell', '52683 Aberg Parkway', '?80,717.20 ', '08/08/1978', 'pg514115j', 'Packager', 'Helen Gouda', 'Boyfriend', '07268 106 425'),
('46-2600043', 'Del Fitter', '4290 Superior Terrace', '?54,544.33 ', '26/11/1982', 'tt394813q', 'Packager', 'Adolph Hedgeman', 'Wife', '07295 967 993'),
('86-1870935', 'Gwynne Garrow', '2648 Old Gate Circle', '?66,379.47 ', '21/03/2000', 'ds178316s', 'Driver', 'Philis Gulleford', 'Father', '07838 716 945'),
('10-1743239', 'Clareta Bamlet', '1038 Bellgrove Parkway', '?46,542.99 ', '09/04/1964', 'tx858508r', 'Packager', 'Selia Sopp', 'Husband', '07937 394 557'),
('79-4798875', 'Iorgo Dowsey', '904 Pond Park', '?14,568.84 ', '08/07/2001', 'vv771459v', 'Driver', 'Mile Scholler', 'Father', '07558 144 894'),
('54-8296596', 'Tommie Vallintine', '37 Superior Parkway', '?87,912.38 ', '21/11/1973', 'tm808573f', 'Packager', 'Porter Nance', 'Civil Partner', '07097 155 888'),
('55-5908272', 'Petronille Squelch', '67 Golden Leaf Park', '?65,853.46 ', '30/01/1987', 'ly831340g', 'Packager', 'Alden Bourthoumieux', 'Boyfriend', '07435 864 662'),
('62-1957072', 'Elliot Allitt', '8 Redwing Court', '?41,808.84 ', '17/03/1978', 'nd981367q', 'HR', 'Christan Leupoldt', 'Husband', '07699 612 785'),
('13-8722134', 'Adler Wheeliker', '018 Lakewood Parkway', '?97,905.35 ', '25/01/1979', 'gd959536a', 'Packager', 'Karel Gully', 'Father', '07088 509 851'),
('38-1884801', 'Valida Bootes', '06 Bluejay Way', '?75,580.43 ', '23/07/1968', 'hy568138e', 'Driver', 'Waldemar Plunket', 'Civil Partner', '07417 261 693'),
('82-9457047', 'Merralee Vannuchi', '7 Vera Place', '?56,425.54 ', '20/01/1986', 'lf092320a', 'Driver', 'Brnaby Hilhouse', 'Girlfriend', '07346 042 351'),
('36-4190617', 'Glyn Canet', '565 Glendale Park', '?54,281.26 ', '25/11/1999', 'gr760688u', 'Driver', 'Nap Muzzlewhite', 'Wife', '07942 102 464'),
('38-4369228', 'Merwin Partener', '29021 Clemons Terrace', '?13,685.06 ', '16/04/1988', 'ef765749d', 'Driver', 'Samaria Rennie', 'Civil Partner', '07366 799 382'),
('88-4435308', 'Cedric Chazotte', '77 Ilene Parkway', '?84,591.95 ', '07/07/1965', 'ji880896f', 'Packager', 'Friedrich Howsego', 'Father', '07787 734 288');
INSERT INTO `employees` (`emp_id`, `name`, `address`, `salary`, `dob`, `nin`, `department`, `emergency_name`, `emergency_relationship`, `emergency_phone`) VALUES
('81-7038918', 'Fraze Maletratt', '96 Rockefeller Circle', '?30,986.25 ', '02/04/1993', 'dr489342o', 'Packager', 'Ruggiero Kilgrove', 'Civil Partner', '07100 170 818'),
('60-0655971', 'Cherie Murch', '3340 Gale Way', '?12,502.40 ', '02/12/1963', 'ap253442h', 'HR', 'Beitris Morison', 'Boyfriend', '07455 807 075'),
('42-0131259', 'Kelsi Cunney', '5 Toban Terrace', '?92,101.67 ', '02/07/1955', 'nm508435w', 'Driver', 'Cassandre Attawell', 'Wife', '07612 472 814'),
('11-4556284', 'Joceline Oats', '8 East Pass', '?19,329.56 ', '11/08/1963', 'iu795663w', 'Packager', 'Mariejeanne Prendeville', 'Mother', '07474 771 437'),
('27-1540713', 'Raphaela Symon', '41109 Stephen Plaza', '?72,118.42 ', '07/03/1983', 'ry550614d', 'Driver', 'Baudoin Danigel', 'Girlfriend', '07315 752 509'),
('83-6435523', 'Bevan Durrell', '18 Butternut Road', '?24,202.05 ', '09/02/1950', 'wa954782v', 'Packager', 'Cris Melladew', 'Mother', '07427 006 306'),
('55-4384947', 'Eudora Marten', '6 Corry Road', '?80,059.87 ', '19/08/1981', 'mz193764k', 'Packager', 'Bradly Mitrovic', 'Husband', '07708 980 078'),
('22-0788973', 'Kalvin Corrado', '770 Fallview Trail', '?59,688.79 ', '07/11/1980', 'ei247057v', 'Driver', 'Eunice Chmarny', 'Father', '07717 672 468'),
('09-4017521', 'Flemming Arnoll', '2 Eggendart Crossing', '?22,873.04 ', '03/08/2002', 'sb614856m', 'HR', 'Brear Kluge', 'Husband', '07267 762 763'),
('06-7381402', 'Pansy Benasik', '777 Welch Junction', '?41,672.28 ', '04/03/1953', 'rb727027l', 'Driver', 'Melodee Sillars', 'Boyfriend', '07822 069 566'),
('85-7355238', 'Kial Labden', '55507 Bultman Circle', '?39,885.17 ', '07/03/1998', 'ux496294h', 'Packager', 'Jennee Costock', 'Father', '07362 630 943'),
('27-8037561', 'Junina McAirt', '45 Ramsey Junction', '?39,500.15 ', '08/07/1988', 'cx516631k', 'Packager', 'Xaviera Chaves', 'Mother', '07054 012 385'),
('20-3044693', 'Raina Yearn', '7 Havey Point', '?91,757.16 ', '03/09/1972', 'uz970481u', 'Driver', 'Caroline Brinicombe', 'Father', '07276 959 298'),
('19-0713712', 'Georg De Gouy', '06 Hermina Terrace', '?37,144.20 ', '18/01/1993', 'vi744437v', 'Packager', 'Leoine Ayrs', 'Boyfriend', '07403 137 340'),
('76-4940799', 'Anderea Challicombe', '8 Melvin Terrace', '?87,575.30 ', '21/03/1999', 'vv690440b', 'Packager', 'Towny Deetch', 'Civil Partner', '07086 691 240'),
('41-3268639', 'Sherlocke Cornner', '00811 Morning Crossing', '?43,444.78 ', '15/03/1960', 'uo254689s', 'Driver', 'Melinda Edelston', 'Mother', '07607 490 054'),
('84-9275069', 'Julina Copnar', '8 Randy Court', '?55,255.85 ', '01/06/1991', 'xd785936e', 'Driver', 'Rozelle McCullouch', 'Husband', '07387 875 939'),
('54-5318903', 'Stanislaus Ferreli', '5 Northland Park', '?51,816.24 ', '20/04/1975', 'sw345892x', 'HR', 'Tootsie Holdey', 'Wife', '07329 818 995'),
('21-2689388', 'Mildrid Ethington', '4 Buhler Pass', '?18,703.01 ', '06/01/1950', 'kp709951v', 'Packager', 'Cordey Peer', 'Girlfriend', '07645 326 285'),
('58-8390431', 'Brandi Andreassen', '008 Service Alley', '?19,209.80 ', '12/07/2000', 'ib637202u', 'Driver', 'Bendicty Macek', 'Husband', '07726 134 897'),
('34-4740678', 'Germain Stockow', '102 Haas Junction', '?56,278.62 ', '30/05/1981', 'yo417120d', 'Packager', 'Nobie Scardifeild', 'Mother', '07035 382 913'),
('47-5302795', 'Gerardo Brosio', '6949 Bonner Junction', '?92,669.35 ', '20/03/1968', 'rb204617t', 'Driver', 'Haley Kellock', 'Girlfriend', '07487 727 188'),
('77-5748543', 'Fanchon Stebbings', '77689 Donald Alley', '?38,753.87 ', '15/11/1966', 'xy286906n', 'Packager', 'Clayton Segar', 'Mother', '07030 174 840'),
('63-5722038', 'Vikki Guthrie', '6 Farragut Road', '?95,626.81 ', '10/04/1976', 'hx643872o', 'Packager', 'Kristin Stanhope', 'Civil Partner', '07095 123 826'),
('59-8381667', 'Emmey Dallywater', '98705 Forest Run Avenue', '?92,664.30 ', '10/04/1953', 'dk443174l', 'HR', 'Gabi Crooks', 'Father', '07021 173 423'),
('20-6300983', 'Juliann Profit', '047 Mandrake Drive', '?59,829.91 ', '11/05/1963', 'bx776119o', 'Driver', 'Caresa McGeown', 'Girlfriend', '07546 091 676'),
('26-9050326', 'Dode Hurtado', '12322 Cottonwood Point', '?40,814.61 ', '06/02/2002', 'lm182202b', 'Driver', 'Cully Galilee', 'Civil Partner', '07898 839 206'),
('75-1340477', 'Ferd Uccello', '90243 Karstens Pass', '?72,024.81 ', '09/01/1997', 'nu487701k', 'Driver', 'Edi Haygreen', 'Husband', '07382 538 132'),
('05-5646283', 'Karole Roderighi', '6281 Hovde Road', '?83,507.63 ', '22/12/1988', 'np061992l', 'Driver', 'Jacky Schwandt', 'Father', '07787 718 899'),
('31-7111614', 'Artemis Adami', '99842 Spenser Point', '?58,500.47 ', '17/06/1960', 'bp682069w', 'Driver', 'Ardyce McAree', 'Mother', '07648 096 231'),
('24-9840403', 'Ashley Barcke', '7 Eastlawn Alley', '?33,391.07 ', '30/07/1968', 'ww328815i', 'Packager', 'Iseabal Leidl', 'Girlfriend', '07683 879 132'),
('38-8885296', 'Ginelle Morgon', '411 2nd Pass', '?84,423.53 ', '26/04/1960', 'ps334310v', 'Packager', 'Audrey Calafate', 'Boyfriend', '07905 196 224'),
('09-8147999', 'Alfonso Pirdue', '201 Garrison Crossing', '?60,175.71 ', '27/01/1950', 'pq325071u', 'Packager', 'Charmain Ewbanck', 'Husband', '07876 106 377'),
('30-8456021', 'Tandi Dmitrovic', '5447 Lyons Center', '?99,223.26 ', '19/01/1970', 'sr314203n', 'Packager', 'Florentia Cornelisse', 'Wife', '07465 428 558'),
('95-1790755', 'Staford Klarzynski', '02676 Mesta Junction', '?62,596.85 ', '09/03/1951', 'lw151180l', 'Driver', 'Sayre Faint', 'Girlfriend', '07320 940 413'),
('68-8976238', 'Florie Reyes', '2 Heffernan Center', '?98,224.34 ', '28/11/1999', 'ub855681n', 'HR', 'Libbey Van den Bosch', 'Civil Partner', '07623 894 854'),
('44-7083318', 'Dari Siene', '57 Randy Point', '?85,262.11 ', '29/01/1971', 'ku592945q', 'Packager', 'Galvan Kaszper', 'Girlfriend', '07814 082 485'),
('63-8802366', 'Cody Peasey', '6 Dixon Point', '?54,393.78 ', '26/01/1974', 'fu609000b', 'Driver', 'Joscelin Dumblton', 'Wife', '07719 695 663'),
('05-5059849', 'Giffard Endecott', '13672 Caliangt Terrace', '?30,809.16 ', '14/03/1953', 'tu153415t', 'Packager', 'Joela Artois', 'Boyfriend', '07419 063 793'),
('76-4086283', 'Laird Stalley', '75447 Norway Maple Park', '?91,412.37 ', '05/12/1953', 'fc920310o', 'Driver', 'Krishna Payle', 'Mother', '07834 640 631'),
('56-0484045', 'Lyn Topp', '20 Sloan Circle', '?36,487.51 ', '06/06/1979', 'np848289h', 'Driver', 'Hermine Sapsed', 'Boyfriend', '07245 144 587'),
('93-8667645', 'Marna Abramski', '6 Scoville Pass', '?13,595.15 ', '15/10/1985', 'gj588599m', 'HR', 'Carling Jell', 'Civil Partner', '07345 068 432'),
('83-1009344', 'Eba Fiander', '0094 Fallview Terrace', '?61,818.38 ', '17/10/1993', 'nf421951o', 'Packager', 'Emmet Speedy', 'Husband', '07964 772 320'),
('11-0990160', 'Rhea Saffle', '77051 Shasta Circle', '?37,907.97 ', '12/06/1999', 'el763944v', 'Packager', 'Jeane Fleet', 'Girlfriend', '07452 139 490'),
('68-6940299', 'Tobi Bute', '46 Jenifer Plaza', '?97,878.28 ', '31/01/1986', 'mw253204t', 'Driver', 'Fifi Lamputt', 'Father', '07477 278 621'),
('60-6270362', 'Theressa Prentice', '2026 Oak Valley Hill', '?78,594.80 ', '18/02/1973', 'qf112815j', 'Packager', 'Sanders Firsby', 'Husband', '07483 322 111'),
('78-0380118', 'Dewitt Gabby', '8 Montana Park', '?93,187.29 ', '07/06/1961', 'mo353148n', 'Driver', 'Marjorie Fraine', 'Wife', '07037 535 429'),
('21-3155551', 'Alaric Santarelli', '8757 Thompson Trail', '?24,449.19 ', '28/09/1959', 'hn280217c', 'Packager', 'Durand Klassman', 'Father', '07324 591 670'),
('21-4089887', 'Corette Mourbey', '246 Wayridge Hill', '?76,423.32 ', '04/06/1983', 'km813203w', 'Driver', 'Aksel Gallimore', 'Father', '07677 246 578'),
('72-0413596', 'Philly Halliberton', '33 Sheridan Road', '?15,689.28 ', '23/08/1994', 'mo726896p', 'HR', 'Dorthy Savoury', 'Mother', '07911 839 364'),
('64-6729020', 'Sarajane Abrams', '26499 Warrior Avenue', '?87,543.10 ', '02/01/1985', 'yh646941o', 'Packager', 'Jamison Richardet', 'Civil Partner', '07608 960 744'),
('94-6907133', 'Alica Barthel', '80231 Twin Pines Center', '?82,703.00 ', '02/09/1987', 'mw080326p', 'Driver', 'Torrence Fowells', 'Civil Partner', '07620 698 046'),
('42-5263028', 'Corny Leynham', '8 Hansons Drive', '?82,698.63 ', '03/03/1972', 'kc800413c', 'Packager', 'Dorise Polin', 'Civil Partner', '07030 945 316'),
('71-4783541', 'Brandise Kondrachenko', '3 Kenwood Alley', '?49,471.98 ', '28/02/1961', 'fm459704k', 'Packager', 'Alica Adnam', 'Civil Partner', '07339 364 526'),
('44-1072008', 'Jacob Kelf', '48033 Forest Run Parkway', '?66,228.12 ', '25/11/1965', 'zi651705l', 'Driver', 'Merlina Adolthine', 'Civil Partner', '07498 555 907'),
('86-5274202', 'Holden Artharg', '61 Vera Crossing', '?55,750.53 ', '11/08/1971', 'cw848240k', 'Packager', 'George Barczynski', 'Girlfriend', '07927 318 789'),
('65-1738561', 'Say Lodwig', '54399 Forest Dale Avenue', '?17,891.12 ', '27/08/1987', 'tj978150h', 'Manager', 'Donella Scullard', 'Boyfriend', '07764 317 881'),
('22-2051613', 'Alys Feye', '000 Grayhawk Court', '?50,021.50 ', '21/01/1975', 'rs859776q', 'Packager', 'Stearne Coveny', 'Girlfriend', '07552 624 180'),
('81-2733835', 'Magdalen McIlwrick', '2099 Debra Trail', '?41,997.19 ', '19/01/1974', 'rr316532p', 'HR', 'Brendis Saunder', 'Mother', '07747 163 685'),
('50-7117246', 'Everett Hoggetts', '4809 Gale Trail', '?99,084.22 ', '15/11/1999', 'pk662258w', 'Packager', 'Justina Steinson', 'Girlfriend', '07978 286 641'),
('69-6968657', 'Diannne Scala', '96290 Bunker Hill Hill', '?86,102.65 ', '09/07/1955', 'lw629488e', 'Packager', 'Duke Ruske', 'Father', '07775 640 640'),
('78-1195027', 'Meade Ketteman', '47 Nevada Center', '?17,823.35 ', '30/07/1950', 'ul369491o', 'Driver', 'Meridith Lowes', 'Civil Partner', '07881 576 200'),
('97-6528129', 'Darn O\'Lunny', '228 Porter Street', '?23,811.76 ', '23/06/1962', 'ai316031z', 'Driver', 'Eilis Decent', 'Husband', '07190 067 060'),
('45-1168337', 'Jade Yaakov', '13 Parkside Avenue', '?95,249.87 ', '17/02/1986', 'eb401601e', 'Packager', 'Marybeth Dibben', 'Boyfriend', '07888 296 305'),
('01-9983285', 'Evvy Burrill', '18 Pennsylvania Crossing', '?65,007.09 ', '02/08/1994', 'pz402630g', 'HR', 'Dianne Pease', 'Wife', '07983 466 814'),
('58-2471319', 'Constantino Phlippsen', '52 Nevada Road', '?77,184.02 ', '21/08/1965', 'vz575305z', 'Packager', 'Salem Courtliff', 'Boyfriend', '07239 492 326'),
('29-2364794', 'Guido Hoopper', '51 Prairieview Alley', '?78,530.16 ', '16/07/1986', 'in158664i', 'Manager', 'Joel Fairham', 'Girlfriend', '07080 664 959'),
('42-8848918', 'Zahara Pepis', '15 2nd Crossing', '?17,215.70 ', '16/03/1992', 'vv722651o', 'Packager', 'Hayden Monkley', 'Wife', '07958 131 810'),
('05-9682452', 'Dorothee Pennell', '90 Rutledge Circle', '?44,159.39 ', '27/04/1977', 'bo740928h', 'Driver', 'Odelle Godsmark', 'Wife', '07530 434 901'),
('01-6146269', 'Krispin Eastmond', '584 Twin Pines Place', '?46,304.52 ', '25/04/1956', 'oc293284f', 'Driver', 'Chandra Tiesman', 'Father', '07829 492 462'),
('52-6674444', 'Codie Stambridge', '38 Schurz Pass', '?29,289.03 ', '11/02/1953', 'ku840832k', 'Driver', 'Emera Yearne', 'Father', '07206 048 771'),
('89-0022888', 'Nelli Esche', '78814 Summer Ridge Court', '?15,353.78 ', '04/01/1994', 'nr398078m', 'Packager', 'Essa Sor', 'Husband', '07629 867 802'),
('37-6605556', 'Jacobo Pashba', '101 Linden Crossing', '?67,037.04 ', '15/05/1976', 'vg977309d', 'Driver', 'Goldia Nisard', 'Girlfriend', '07475 211 884'),
('69-5925327', 'Sydelle Pelzer', '34635 Dawn Drive', '?15,069.38 ', '12/11/1973', 'ap767547i', 'Packager', 'Katusha Kirkham', 'Civil Partner', '07216 578 917'),
('40-1136806', 'Julio Featherstonhalgh', '35498 Jackson Pass', '?89,162.28 ', '20/02/1987', 'qr454157y', 'Driver', 'Scotti Nowill', 'Boyfriend', '07797 601 369'),
('04-2798023', 'Cinda Plesing', '57518 Chinook Park', '?49,509.39 ', '29/06/1988', 'bl772452l', 'Packager', 'Corabella Possek', 'Girlfriend', '07171 514 291'),
('54-7904459', 'Alexandros Ormesher', '664 Gale Plaza', '?51,642.73 ', '15/03/1998', 'sl566148h', 'Packager', 'Gabriela Wehden', 'Mother', '07904 464 506'),
('81-0188200', 'Nadine Davidson', '0 Jana Alley', '?23,660.37 ', '19/05/1998', 'eb645921x', 'Driver', 'Frederique Wheatman', 'Civil Partner', '07068 255 984'),
('62-2186332', 'Meridith Bolton', '9 Hooker Avenue', '?81,390.66 ', '06/01/1951', 'vw612487d', 'Driver', 'Delmore Borel', 'Civil Partner', '07050 832 727'),
('38-2126707', 'Vinni Champneys', '38416 Susan Plaza', '?35,513.16 ', '01/05/1976', 'vn364397s', 'Packager', 'Giustina Stephen', 'Wife', '07101 430 354'),
('01-5576008', 'Jaquenetta Rankin', '3249 Dahle Plaza', '?42,698.62 ', '28/12/1988', 'ir187391u', 'Packager', 'Gustave Benedikt', 'Husband', '07689 714 850'),
('67-5304822', 'Taber Nuton', '94646 Charing Cross Parkway', '?85,586.57 ', '29/01/1966', 'ig939447u', 'Driver', 'Taylor Micka', 'Civil Partner', '07239 031 455'),
('36-6943031', 'Wolfgang Frake', '97152 Waubesa Center', '?21,505.69 ', '28/01/1982', 'op535073z', 'Packager', 'Ulick Snyder', 'Father', '07013 596 878'),
('25-6187206', 'Farlay Haughan', '99 Schurz Plaza', '?63,905.08 ', '21/08/1984', 'fg558529z', 'Driver', 'Sandye De Gouy', 'Husband', '07383 021 093'),
('49-6102253', 'Annabelle Fairnie', '12384 Warrior Point', '?60,436.09 ', '27/11/1992', 'dl892664i', 'Driver', 'Gideon Gillivrie', 'Boyfriend', '07257 411 126'),
('22-7191567', 'Goddard Bagot', '362 Coleman Way', '?90,643.98 ', '24/05/1980', 'lx057194p', 'Driver', 'Jeremiah Pavlasek', 'Father', '07425 200 343'),
('43-7385696', 'Nicky Ipplett', '7153 Merrick Terrace', '?48,895.33 ', '25/10/1983', 'tk845900k', 'Driver', 'Maritsa McGann', 'Wife', '07389 587 350'),
('17-3967296', 'Tiffany Wessing', '422 Darwin Lane', '?69,965.03 ', '09/03/1983', 'fi082187y', 'Packager', 'Layne Laurenty', 'Boyfriend', '07925 739 484'),
('58-5912504', 'Nappy Ludmann', '3329 Sheridan Junction', '?51,318.65 ', '15/08/1991', 'ge941219f', 'Packager', 'El Grishagin', 'Husband', '07888 438 593'),
('98-3556505', 'Douglas MacArdle', '14 Laurel Court', '?92,356.56 ', '15/07/1991', 'wk661827y', 'Driver', 'Lynsey Moraleda', 'Wife', '07652 112 844'),
('37-1673392', 'Constantine Gilfillan', '87 Washington Junction', '?32,245.83 ', '01/12/1961', 'ct112101i', 'HR', 'Alasteir McKeand', 'Wife', '07373 224 784'),
('25-4103329', 'Elfrieda Slessar', '5536 Stone Corner Terrace', '?64,639.39 ', '02/02/1954', 'ri926857q', 'Driver', 'Baxie De Rye Barrett', 'Wife', '07594 266 644'),
('82-1629865', 'Dag Choules', '53 Blue Bill Park Center', '?23,537.76 ', '16/08/1998', 'dz430103g', 'Driver', 'Nikaniki Stenhouse', 'Husband', '07585 388 400'),
('66-1883695', 'Jorge Bonham', '8 2nd Trail', '?33,284.78 ', '19/03/1998', 'ql642076f', 'Driver', 'Tildy Donett', 'Civil Partner', '07996 433 549'),
('74-9747670', 'Hymie Dows', '12 Dwight Terrace', '?62,699.64 ', '16/11/1965', 'aq304702r', 'Driver', 'Gerik Graeser', 'Girlfriend', '07753 745 592'),
('77-2348932', 'Sal Dominy', '88006 Charing Cross Hill', '?39,168.52 ', '30/07/1994', 'ro907653y', 'HR', 'Verney Essam', 'Husband', '07173 823 511'),
('08-5459846', 'Leola Dayly', '1 Tony Avenue', '?43,761.91 ', '24/02/1995', 'xz369649i', 'Driver', 'Claudetta Plaistowe', 'Civil Partner', '07358 746 653'),
('82-2981878', 'Cherida Gocke', '395 Comanche Center', '?31,735.68 ', '06/12/1951', 'ej657352g', 'Driver', 'Erhart Husset', 'Boyfriend', '07683 714 091'),
('51-9601829', 'Maressa Hans', '73 Coolidge Park', '?21,773.24 ', '13/10/2001', 'er279775r', 'Driver', 'Nicol Dockray', 'Wife', '07174 952 329'),
('49-1036239', 'Onofredo Joontjes', '938 2nd Way', '?36,626.20 ', '01/04/1990', 'so040048u', 'Driver', 'Reinold Kaubisch', 'Husband', '07005 138 853'),
('78-9623211', 'Margaretha Kikke', '24 Logan Circle', '?25,726.10 ', '08/01/2000', 'uv389552l', 'Packager', 'Leshia Allcorn', 'Mother', '07341 771 237'),
('72-2448628', 'Gina Macrae', '607 Northport Center', '?36,331.78 ', '14/05/1961', 'tv211484w', 'Packager', 'Reeta Feary', 'Wife', '07985 842 262'),
('78-8816060', 'Marilyn Glassborow', '6 Waubesa Crossing', '?90,675.10 ', '19/11/1978', 'lh695834z', 'Driver', 'Rivy Gensavage', 'Husband', '07544 911 166'),
('06-3850682', 'Celinda Joberne', '5 Jana Way', '?61,612.72 ', '03/12/1993', 'lw782748u', 'Driver', 'Harmon Gindghill', 'Civil Partner', '07285 352 836'),
('52-5735024', 'Donica Hewell', '2911 Southridge Hill', '?34,806.46 ', '03/01/1978', 'wn058972w', 'Packager', 'Waylan Kochlin', 'Boyfriend', '07629 713 818'),
('02-6214516', 'Merrill Joust', '75 Portage Center', '?51,515.84 ', '16/01/1958', 'wa104983f', 'Driver', 'Amabelle Ferreiro', 'Wife', '07395 862 130'),
('57-2548391', 'Wynne Flowitt', '8 Harbort Road', '?45,230.72 ', '09/11/1961', 'ns537861h', 'Packager', 'Lesya Phebey', 'Wife', '07741 907 270'),
('79-5517945', 'Darryl Payfoot', '62334 Prairie Rose Drive', '?84,841.60 ', '15/10/1955', 'rc413749a', 'Packager', 'Daloris Lanon', 'Mother', '07102 109 240'),
('69-0393201', 'Lissa Egalton', '28673 Bultman Junction', '?77,974.79 ', '16/07/1978', 'ep586696m', 'Packager', 'Bernadene Lowey', 'Wife', '07937 182 672'),
('51-7472749', 'Bonnibelle Disley', '9 Vermont Trail', '?32,710.49 ', '30/07/1987', 'si278865g', 'Driver', 'Peyton MacShirie', 'Girlfriend', '07219 511 447'),
('62-6726896', 'Marje Cranage', '15 Crescent Oaks Junction', '?82,421.91 ', '23/02/1981', 'kt951067x', 'HR', 'Jabez Yewman', 'Father', '07280 779 671'),
('87-3376412', 'Michaela Shrieve', '78 Raven Road', '?70,070.27 ', '13/10/1958', 'jn422060l', 'Driver', 'Valaree Treadgold', 'Civil Partner', '07427 564 348'),
('62-7019089', 'Agnese Murrhardt', '4666 Jay Court', '?88,965.75 ', '18/12/1955', 'yz407625p', 'Driver', 'Bondie Schruyers', 'Father', '07868 628 411'),
('80-8617080', 'Salomi Lintin', '29507 Bartillon Terrace', '?78,695.13 ', '26/04/1985', 'cc846598u', 'Driver', 'Delainey Benedtti', 'Mother', '07621 668 278'),
('29-2785103', 'Agnes Dendon', '158 Twin Pines Crossing', '?17,734.18 ', '17/02/1986', 'kk792060s', 'Packager', 'Eimile Vial', 'Husband', '07477 622 496'),
('71-7837650', 'Shelley Camilletti', '91311 Hauk Avenue', '?67,736.10 ', '25/12/1974', 'yx527895g', 'Driver', 'Malory Hawes', 'Husband', '07066 178 667'),
('59-5937939', 'Blancha McMillian', '59 Buhler Trail', '?89,177.07 ', '21/07/1991', 'zp730277w', 'Driver', 'Lizbeth Curbishley', 'Father', '07104 138 411'),
('84-0386773', 'Nady Yvens', '84 Mayer Court', '?82,751.39 ', '26/05/1993', 'rs150649p', 'Driver', 'Randall Corriea', 'Husband', '07654 630 110'),
('51-6967096', 'Bertina Berard', '1 Almo Place', '?21,320.75 ', '18/10/1961', 'ed732328n', 'Driver', 'Shelly Gimblet', 'Boyfriend', '07107 706 065'),
('18-6142811', 'Starr Akhurst', '42 Golf Course Hill', '?16,005.59 ', '01/06/1951', 'qj120357r', 'Packager', 'Augustus Goodluck', 'Mother', '07997 004 063'),
('24-4585192', 'Elvira Vinson', '37 Kipling Lane', '?91,216.82 ', '10/06/1966', 'sa107205q', 'Packager', 'Nariko Illsley', 'Civil Partner', '07008 281 309'),
('28-7818998', 'Alfi MacFadzean', '6 Old Shore Center', '?45,825.46 ', '07/05/1983', 'tp307139n', 'Packager', 'Caz Dartnell', 'Mother', '07448 651 046'),
('19-6732633', 'Ferrell Lages', '39705 Goodland Center', '?63,515.05 ', '23/04/1996', 'xb032437g', 'Driver', 'Ramsey Denacamp', 'Boyfriend', '07342 317 379'),
('32-6251861', 'Frederic Ginnaly', '2 Drewry Circle', '?98,924.54 ', '02/10/1971', 'rs647299i', 'Packager', 'Terrijo Piatto', 'Husband', '07870 877 830'),
('14-6532726', 'Salim Cator', '74 Lyons Place', '?40,060.04 ', '30/05/1988', 'os724826w', 'Packager', 'Diannne Streight', 'Boyfriend', '07974 403 769'),
('40-6943405', 'Charlena Marques', '2800 Dahle Avenue', '?83,307.32 ', '24/11/1966', 'vz886203m', 'Driver', 'Marylinda Titta', 'Girlfriend', '07410 675 062'),
('72-9328783', 'Constantia Privett', '162 Moland Terrace', '?25,686.80 ', '29/01/1980', 'tx491950i', 'Packager', 'Bryan Shawdforth', 'Father', '07939 930 407'),
('85-4557957', 'Barr Eefting', '234 Susan Lane', '?44,265.60 ', '12/11/1976', 'ju063558q', 'Packager', 'Charla Crickmore', 'Boyfriend', '07512 743 229'),
('80-7941049', 'Chiarra Dundridge', '04 Porter Avenue', '?67,648.79 ', '10/01/1972', 'ps295181z', 'HR', 'Leroi Dingivan', 'Husband', '07244 918 390'),
('89-5714177', 'Bobbye Pottinger', '4633 Scott Street', '?99,191.41 ', '04/12/1953', 'vy437276r', 'Packager', 'Budd Follacaro', 'Girlfriend', '07569 513 210'),
('77-5513461', 'Noell Azam', '66 Brown Hill', '?60,586.79 ', '19/05/1974', 'zk782722r', 'Driver', 'Dante Snozzwell', 'Boyfriend', '07066 007 108'),
('85-0601601', 'Dotti Busek', '32564 Veith Circle', '?12,043.56 ', '06/06/1984', 'xc467370v', 'HR', 'Adam Roderighi', 'Husband', '07503 037 843'),
('36-1132600', 'Danyette Kendrew', '1 Karstens Point', '?98,386.60 ', '23/06/2000', 'dc106173c', 'Driver', 'Madonna McCague', 'Wife', '07187 549 944'),
('81-5031235', 'Gill Fulford', '9 Susan Avenue', '?46,429.85 ', '20/03/1968', 'vg667583e', 'Driver', 'Rafaellle Tweedlie', 'Wife', '07036 754 544'),
('54-9522118', 'Nari Chowne', '169 Clemons Drive', '?40,585.75 ', '17/01/1979', 'vm874796y', 'Manager', 'Ilsa McAusland', 'Boyfriend', '07064 930 835'),
('73-2251057', 'Lodovico Ashborne', '7312 Shoshone Court', '?72,963.41 ', '24/08/1983', 'cb298473a', 'Manager', 'Vilhelmina Wrangle', 'Mother', '07750 131 976'),
('37-8247167', 'Elaina Ramplee', '9 Merry Hill', '?70,979.93 ', '12/09/1983', 'eo273727q', 'Packager', 'Fidela Heaviside', 'Wife', '07081 377 359'),
('76-2985832', 'Desirae Gooch', '6306 Reinke Circle', '?42,779.29 ', '07/01/1979', 'uc493497v', 'Manager', 'Phillie Eles', 'Husband', '07925 034 405'),
('81-5228790', 'Rene Waddup', '47 Southridge Parkway', '?40,348.66 ', '08/08/1992', 'vy525798f', 'Driver', 'Katee Dilrew', 'Father', '07612 660 166'),
('08-7213723', 'Dorie Brazener', '7720 Miller Way', '?14,357.12 ', '19/01/1966', 'qa101983v', 'Driver', 'Melody Brotherwood', 'Wife', '07735 358 950'),
('39-1227728', 'Tandy Goodbourn', '719 Sloan Drive', '?47,852.85 ', '03/10/1996', 'go119787t', 'HR', 'Colette Reisk', 'Husband', '07457 814 451'),
('84-5153657', 'Catharine Sharpous', '081 Hermina Trail', '?98,273.90 ', '10/08/1983', 'vg979335t', 'Driver', 'Hamnet Hamly', 'Wife', '07692 458 187'),
('75-0124112', 'Jennica Welbeck', '78916 Green Ridge Trail', '?57,947.01 ', '18/04/1952', 'ma973579k', 'Packager', 'Abbey Waryk', 'Boyfriend', '07260 273 133'),
('89-1889473', 'Alysa Marley', '0906 Duke Point', '?79,091.50 ', '14/05/1988', 'ap444024o', 'Packager', 'Pattie Bohl', 'Girlfriend', '07158 470 617'),
('84-8762859', 'Hewett Collcutt', '453 Emmet Center', '?21,438.35 ', '05/07/1953', 'nk424390j', 'Driver', 'Izzy Ahlf', 'Father', '07044 089 640'),
('00-4334715', 'Stormie Lowndes', '280 Thompson Plaza', '?66,017.87 ', '20/11/1964', 'xn991742p', 'HR', 'Anastasia Camamile', 'Civil Partner', '07043 627 535'),
('66-2765926', 'Jacinta Partleton', '3957 Hoard Place', '?96,193.45 ', '15/10/1962', 'sh419152d', 'Driver', 'Rand Madrell', 'Civil Partner', '07252 015 009'),
('14-4001908', 'Wilmette Jerrom', '6 Monica Way', '?34,082.14 ', '30/10/1974', 'gb391445q', 'Packager', 'Zaneta Deddum', 'Mother', '07529 897 607'),
('87-8745898', 'Harwell Lain', '11 Bartelt Terrace', '?60,453.87 ', '31/01/1978', 'yz604658j', 'Packager', 'Elston Loins', 'Girlfriend', '07930 606 296'),
('05-3647243', 'Yank Vasilyonok', '5 Debs Alley', '?38,871.26 ', '23/02/1999', 'kc608204k', 'Packager', 'Arlie Korfmann', 'Husband', '07348 062 445'),
('33-0071114', 'Nola Wilcox', '7055 Southridge Drive', '?61,500.70 ', '06/01/1985', 'aq503711l', 'HR', 'Madelaine Hutt', 'Mother', '07734 801 502'),
('37-7900056', 'Victoir Loveitt', '7 Judy Parkway', '?24,486.52 ', '05/02/1996', 'vd479897l', 'Packager', 'Leon McCotter', 'Father', '07126 636 219'),
('68-7504033', 'Brandi Clayson', '7 Myrtle Circle', '?37,302.00 ', '22/11/1963', 'kn988197t', 'Driver', 'Glenden Livett', 'Civil Partner', '07613 591 203'),
('83-3514873', 'Roscoe Honeyghan', '89 Golden Leaf Drive', '?93,281.90 ', '11/11/1977', 'lv730967l', 'Packager', 'Ferrell Scruton', 'Boyfriend', '07455 760 917'),
('75-6891165', 'Robinett Iacopini', '2224 Kensington Street', '?62,045.69 ', '27/08/1961', 'lq983512u', 'Driver', 'Stepha Doohan', 'Husband', '07728 862 325'),
('54-1117411', 'Schuyler Stoffels', '31 Carioca Terrace', '?41,087.65 ', '20/09/1980', 'sh512546i', 'Driver', 'Sisely Castelin', 'Mother', '07152 080 965'),
('41-1429269', 'Jacki Rumin', '84 Kipling Parkway', '?81,648.46 ', '21/01/1991', 'rp562470q', 'Driver', 'Northrup Pittendreigh', 'Mother', '07603 027 379'),
('26-0938951', 'Fabe Lief', '94 Gerald Crossing', '?56,639.65 ', '02/01/1980', 'cc841112d', 'Driver', 'Kev Bradmore', 'Boyfriend', '07180 333 916'),
('63-1545651', 'Dedra MacConnulty', '22342 Sauthoff Center', '?85,921.50 ', '13/05/1989', 'zc732912g', 'Packager', 'Wallache Ropkins', 'Girlfriend', '07410 226 285'),
('76-0000021', 'Norton Bygrove', '0412 Packers Lane', '?43,733.47 ', '09/12/1952', 'xx491915v', 'HR', 'Agatha Nulty', 'Girlfriend', '07895 871 178'),
('96-1648398', 'Hugues Tavner', '78 Parkside Point', '?37,393.68 ', '03/12/1980', 'va219127u', 'Driver', 'Tobe Vazquez', 'Boyfriend', '07936 699 391'),
('92-9623071', 'Wait Prate', '0367 Moose Hill', '?95,732.18 ', '24/08/2000', 'bn415170d', 'Driver', 'Umberto Mulrooney', 'Boyfriend', '07291 039 769'),
('41-9645109', 'Merrel Miklem', '00 Marcy Trail', '?39,131.10 ', '27/07/2000', 'ls403208x', 'Driver', 'Creighton Hinzer', 'Girlfriend', '07394 851 273'),
('68-7037451', 'Saree Starling', '1 Artisan Drive', '?34,145.23 ', '07/10/1973', 'ct629800a', 'Packager', 'Duane Mitton', 'Civil Partner', '07087 447 204'),
('87-7188668', 'Salli Oulner', '26 Pepper Wood Parkway', '?90,004.65 ', '24/10/1957', 'kt389837b', 'HR', 'Kane Piers', 'Husband', '07453 022 869'),
('87-4453963', 'Sibeal Fullard', '6296 Pleasure Road', '?46,783.79 ', '16/12/1978', 'er088315j', 'Driver', 'Nonie Ledgard', 'Girlfriend', '07316 951 272'),
('49-9705882', 'Quentin Devine', '09 Knutson Park', '?23,326.81 ', '08/02/1962', 'fm907610k', 'Driver', 'Kass Haysman', 'Girlfriend', '07480 332 736'),
('18-9171336', 'Sallie Hardwell', '6 Golf View Pass', '?80,829.14 ', '20/09/1983', 'yx656704n', 'Packager', 'Marsh Abilowitz', 'Wife', '07026 832 505'),
('28-7012669', 'Rahel Gallo', '798 Karstens Parkway', '?60,391.38 ', '15/05/1997', 'kz848071o', 'HR', 'Ahmad Muge', 'Boyfriend', '07028 898 207'),
('49-1159362', 'Valeria Proschek', '6 Red Cloud Court', '?97,436.14 ', '18/02/1996', 'xd817271x', 'Driver', 'Der Merner', 'Girlfriend', '07472 485 627'),
('63-1925261', 'Willyt Ezzy', '61751 Burrows Drive', '?14,811.14 ', '12/06/1983', 'vy468006g', 'Driver', 'Sallyanne Minchinton', 'Father', '07491 768 068'),
('20-7194686', 'Carolin Jagson', '57891 Bultman Circle', '?56,278.56 ', '06/12/1953', 'yb039141a', 'HR', 'Grove Spellissy', 'Husband', '07555 870 467'),
('06-3776558', 'Kristofer Janson', '18140 Straubel Road', '?94,483.61 ', '01/03/1972', 'pw205885r', 'Packager', 'Boony Hardwell', 'Wife', '07211 259 256'),
('34-2817296', 'Jemmy Levens', '298 Elka Alley', '?31,521.70 ', '26/09/1950', 'dw387671h', 'Packager', 'Shannon Kesteven', 'Father', '07543 934 498'),
('96-0987852', 'Nataline Roycroft', '52339 Eastlawn Crossing', '?81,005.05 ', '04/06/1967', 'rc734008g', 'Packager', 'Danny Heinsen', 'Father', '07194 408 632');

-- --------------------------------------------------------

--
-- Table structure for table `HR`
--

CREATE TABLE `HR` (
  `employee_ID` varchar(10) COLLATE utf8_unicode_ci DEFAULT NULL,
  `s_no.` int NOT NULL,
  `office_Location` varchar(20) COLLATE utf8_unicode_ci DEFAULT NULL,
  `complaint_ID` varchar(20) COLLATE utf8_unicode_ci DEFAULT NULL,
  `manager_no` int NOT NULL
) ENGINE=InnoDB DEFAULT CHARSET=utf8mb3 COLLATE=utf8_unicode_ci;

--
-- Dumping data for table `HR`
--

INSERT INTO `HR` (`employee_ID`, `s_no.`, `office_Location`, `complaint_ID`, `manager_no`) VALUES
('06-0280761', 3, NULL, NULL, 5),
('09-4017521', 4, NULL, NULL, 4),
('10-6321236', 5, NULL, NULL, 4),
('10-8148353', 6, NULL, NULL, 4),
('11-6489646', 7, NULL, NULL, 10),
('15-4783339', 8, NULL, NULL, 5),
('18-3911956', 9, NULL, NULL, 12),
('20-2758343', 10, NULL, NULL, 11),
('20-7194686', 11, NULL, NULL, 3),
('22-3708071', 12, NULL, NULL, 10),
('28-7012669', 13, NULL, NULL, 12),
('31-7167962', 14, NULL, NULL, 13),
('33-0071114', 15, NULL, NULL, 12),
('33-7183053', 16, NULL, NULL, 7),
('34-8695852', 17, NULL, NULL, 10),
('36-1480567', 18, NULL, NULL, 15),
('37-1673392', 19, NULL, NULL, 15),
('39-1227728', 20, NULL, NULL, 14),
('40-0786243', 21, NULL, NULL, 7),
('41-3975053', 22, NULL, NULL, 9),
('41-6555988', 23, NULL, NULL, 8),
('45-1060690', 24, NULL, NULL, 9),
('45-3951342', 25, NULL, NULL, 9),
('48-5840838', 26, NULL, NULL, 14),
('52-4726377', 27, NULL, NULL, 14),
('54-5318903', 28, NULL, NULL, 11),
('56-3682739', 29, NULL, NULL, 13),
('59-0150604', 30, NULL, NULL, 13),
('59-4661298', 31, NULL, NULL, 14),
('59-8381667', 32, NULL, NULL, 12),
('60-0655971', 33, NULL, NULL, 3),
('60-7601093', 34, NULL, NULL, 8),
('61-7469906', 35, NULL, NULL, 16),
('62-1957072', 36, NULL, NULL, 8),
('62-6726896', 37, NULL, NULL, 9),
('63-9116461', 38, NULL, NULL, 3),
('66-2361006', 39, NULL, NULL, 16),
('66-2522703', 40, NULL, NULL, 10),
('67-5029558', 41, NULL, NULL, 3),
('68-8976238', 42, NULL, NULL, 14),
('72-0413596', 43, NULL, NULL, 14),
('72-9006336', 44, NULL, NULL, 11),
('76-0000021', 45, NULL, NULL, 15),
('77-2348932', 46, NULL, NULL, 9),
('77-6317806', 47, NULL, NULL, 15),
('80-7941049', 48, NULL, NULL, 1),
('81-2733835', 49, NULL, NULL, 6),
('81-8060778', 50, NULL, NULL, 11),
('82-2609006', 51, NULL, NULL, 5),
('84-3853067', 52, NULL, NULL, 6),
('85-0601601', 53, NULL, NULL, 15),
('85-5431069', 54, NULL, NULL, 12),
('85-7718619', 55, NULL, NULL, 14),
('87-7188668', 56, NULL, NULL, 3),
('89-4884561', 57, NULL, NULL, 15),
('90-5035577', 58, NULL, NULL, 7),
('93-8667645', 59, NULL, NULL, 5),
('97-0147786', 60, NULL, NULL, 15),
('97-0913105', 61, NULL, NULL, 16),
('97-3703178', 62, NULL, NULL, 2),
('97-4110845', 63, NULL, NULL, 8),
('99-1372878', 64, NULL, NULL, 4),
('99-6209168', 65, NULL, NULL, 10);

-- --------------------------------------------------------

--
-- Table structure for table `Incharge`
--

CREATE TABLE `Incharge` (
  `sr_no` int NOT NULL,
  `emp_incharge` varchar(20) COLLATE utf8_unicode_ci NOT NULL
) ENGINE=InnoDB DEFAULT CHARSET=utf8mb3 COLLATE=utf8_unicode_ci;

--
-- Dumping data for table `Incharge`
--

INSERT INTO `Incharge` (`sr_no`, `emp_incharge`) VALUES
(4, ''),
(5, ''),
(6, ''),
(7, 'emm_incharge'),
(8, ''),
(9, ''),
(10, '3'),
(11, '2'),
(12, '01-5576008'),
(13, '2'),
(14, '2'),
(15, '2'),
(16, '2'),
(17, '2'),
(18, '2'),
(19, '01-5576008'),
(20, '2'),
(21, '01-6146269'),
(22, '01-6146269'),
(23, '01-9983285'),
(24, '00-4334715'),
(25, '00-4334715'),
(26, '01-5576008'),
(27, '00-4334715'),
(28, '01-9065592'),
(29, '01-9983285'),
(30, '02-1151200'),
(31, '02-1151200'),
(32, '02-4109274'),
(33, '02-4109274'),
(34, '02-4109274'),
(35, '02-4109274');

-- --------------------------------------------------------

--
-- Table structure for table `Manager`
--

CREATE TABLE `Manager` (
  `employee_ID` varchar(10) COLLATE utf8_unicode_ci DEFAULT NULL,
  `office_location` varchar(20) COLLATE utf8_unicode_ci DEFAULT NULL,
  `manager_no.` int NOT NULL
) ENGINE=InnoDB DEFAULT CHARSET=utf8mb3 COLLATE=utf8_unicode_ci;

--
-- Dumping data for table `Manager`
--

INSERT INTO `Manager` (`employee_ID`, `office_location`, `manager_no.`) VALUES
('06-2857563', NULL, 1),
('29-2364794', NULL, 2),
('33-1897506', NULL, 3),
('35-7212754', NULL, 4),
('47-3147567', NULL, 5),
('54-9522118', NULL, 6),
('65-1738561', NULL, 7),
('66-0739491', NULL, 8),
('73-2251057', NULL, 9),
('74-0303597', NULL, 10),
('76-2985832', NULL, 11),
('82-6558984', NULL, 12),
('83-4865660', NULL, 13),
('87-6633787', NULL, 14),
('87-8002965', NULL, 15),
('93-5661312', NULL, 16);

-- --------------------------------------------------------

--
-- Table structure for table `NIN_info`
--

CREATE TABLE `NIN_info` (
  `NIN` varchar(20) COLLATE utf8_unicode_ci NOT NULL,
  `name` varchar(22) CHARACTER SET utf8 COLLATE utf8_unicode_ci DEFAULT NULL,
  `dob` varchar(10) COLLATE utf8_unicode_ci DEFAULT NULL,
  `address` varchar(27) CHARACTER SET utf8 COLLATE utf8_unicode_ci DEFAULT NULL
) ENGINE=InnoDB DEFAULT CHARSET=utf8mb3 COLLATE=utf8_unicode_ci;

--
-- Dumping data for table `NIN_info`
--

INSERT INTO `NIN_info` (`NIN`, `name`, `dob`, `address`) VALUES
('234', 'Suphal', '22/11/2002', 'qqq'),
('ac869050u', 'Pauly McDell', '18/09/2001', '4 Fordem Trail'),
('ad905076o', 'Daryl Chartman', '06/08/1996', '2413 Ramsey Avenue'),
('ae100121f', 'Talbert Abbotts', '13/08/1996', '29565 Jenifer Court'),
('ah996640u', 'Vonny Meeny', '24/01/1982', '06702 Lawn Plaza'),
('ai316031z', 'Darn O\'Lunny', '23/06/1962', '228 Porter Street'),
('ak984038n', 'Jase Fulk', '29/03/1984', '80 Pennsylvania Center'),
('al340446b', 'Brynna Dyble', '05/05/1979', '0 Bonner Pass'),
('an167975t', 'Hettie Broadbent', '29/05/1950', '5 Rowland Road'),
('ao592540g', 'Alvina Paterno', '21/06/1986', '09 Golf Drive'),
('ap253442h', 'Cherie Murch', '02/12/1963', '3340 Gale Way'),
('ap444024o', 'Alysa Marley', '14/05/1988', '0906 Duke Point'),
('ap767547i', 'Sydelle Pelzer', '12/11/1973', '34635 Dawn Drive'),
('aq304702r', 'Hymie Dows', '16/11/1965', '12 Dwight Terrace'),
('aq503711l', 'Nola Wilcox', '06/01/1985', '7055 Southridge Drive'),
('au449889p', 'Sigismundo FitzGibbon', '14/06/1981', '8 Gina Terrace'),
('au549358u', 'Edd Speere', '05/01/1950', '812 High Crossing Junction'),
('bi255825p', 'Aurore Neilson', '17/02/1981', '9 Darwin Parkway'),
('bj869010d', 'Charlot Dignall', '12/05/1972', '950 Arizona Terrace'),
('bk920804k', 'Odelinda Wardingly', '07/07/1980', '069 Mesta Road'),
('bl221585z', 'Thelma Wilkie', '01/10/1984', '113 Badeau Plaza'),
('bl772452l', 'Cinda Plesing', '29/06/1988', '57518 Chinook Park'),
('bm829464z', 'Tedda Daggett', '30/05/1989', '12 Lindbergh Place'),
('bn415170d', 'Wait Prate', '24/08/2000', '0367 Moose Hill'),
('bn687310q', 'Cloris Truckell', '03/05/1995', '84521 Pearson Street'),
('bo740928h', 'Dorothee Pennell', '27/04/1977', '90 Rutledge Circle'),
('bp682069w', 'Artemis Adami', '17/06/1960', '99842 Spenser Point'),
('bs437833j', 'Perice Abramovitz', '30/09/1964', '2354 Jenifer Place'),
('bt371843i', 'Larissa Holtham', '15/01/1969', '8751 Hoepker Circle'),
('bu861195y', 'Yorgos Philippard', '13/07/1968', '8976 Dakota Terrace'),
('bx776119o', 'Juliann Profit', '11/05/1963', '047 Mandrake Drive'),
('cb298473a', 'Lodovico Ashborne', '24/08/1983', '7312 Shoshone Court'),
('cc841112d', 'Fabe Lief', '02/01/1980', '94 Gerald Crossing'),
('cc846598u', 'Salomi Lintin', '26/04/1985', '29507 Bartillon Terrace'),
('cd290362a', 'Dorothea Trewinnard', '16/02/1998', '0 Stephen Way'),
('ce665632s', 'Bevon Gaskoin', '06/06/2000', '549 Oakridge Avenue'),
('cm005454h', 'Aila Paolillo', '19/03/1975', '41 Esker Terrace'),
('cq847516d', 'Merrie Stayt', '04/10/1995', '0 Manufacturers Alley'),
('ct112101i', 'Constantine Gilfillan', '01/12/1961', '87 Washington Junction'),
('ct629800a', 'Saree Starling', '07/10/1973', '1 Artisan Drive'),
('cw848240k', 'Holden Artharg', '11/08/1971', '61 Vera Crossing'),
('cx516631k', 'Junina McAirt', '08/07/1988', '45 Ramsey Junction'),
('cz046288u', 'Nikola Henbury', '28/03/1968', '8116 Erie Junction'),
('dc106173c', 'Danyette Kendrew', '23/06/2000', '1 Karstens Point'),
('dd271029j', 'Pierce Kemp', '29/06/1984', '63008 Raven Place'),
('df003975r', 'Angie Waddams', '10/01/1996', '82 Truax Crossing'),
('df426741g', 'Chelsea Robertucci', '28/12/1956', '94833 Northview Way'),
('di653042t', 'Joaquin Eringey', '09/03/1959', '890 Brickson Park Circle'),
('dj312271a', 'Olivia MacPhee', '01/02/1963', '09 Saint Paul Point'),
('dk443174l', 'Emmey Dallywater', '10/04/1953', '98705 Forest Run Avenue'),
('dl892664i', 'Annabelle Fairnie', '27/11/1992', '12384 Warrior Point'),
('dm359618l', 'Tamiko Holton', '15/10/1960', '49 Cody Lane'),
('dn632963a', 'Kathy Goodnow', '05/05/1988', '24494 Kenwood Alley'),
('do305555k', 'Dulciana Duxfield', '18/10/1964', '44249 Westridge Drive'),
('dp016938u', 'Marwin Raybould', '31/05/1983', '925 Novick Lane'),
('dr180938w', 'Granville McKitterick', '20/02/1965', '04 Rieder Parkway'),
('dr489342o', 'Fraze Maletratt', '02/04/1993', '96 Rockefeller Circle'),
('ds178316s', 'Gwynne Garrow', '21/03/2000', '2648 Old Gate Circle'),
('ds948250k', 'Paulita Casewell', '15/06/1995', '18 Riverside Trail'),
('dt545040m', 'Ame Balser', '22/01/1998', '2282 Sutteridge Lane'),
('dt884304c', 'Lia Hargreaves', '03/08/1995', '721 Graceland Alley'),
('du615694i', 'Rudolfo Norridge', '24/08/1968', '22 Golf Court'),
('dw387671h', 'Jemmy Levens', '26/09/1950', '298 Elka Alley'),
('dw797814s', 'Harrison Waller-Bridge', '25/04/1991', '73899 Sachtjen Alley'),
('dy170889s', 'Rodina Ofener', '13/07/1973', '5556 Schmedeman Court'),
('dz195791x', 'Jaime Woolhouse', '01/05/1977', '59 Jenna Park'),
('dz430103g', 'Dag Choules', '16/08/1998', '53 Blue Bill Park Center'),
('eb401601e', 'Jade Yaakov', '17/02/1986', '13 Parkside Avenue'),
('eb645921x', 'Nadine Davidson', '19/05/1998', '0 Jana Alley'),
('ed732328n', 'Bertina Berard', '18/10/1961', '1 Almo Place'),
('ee121177l', 'Dael Confort', '30/12/1999', '0533 Grasskamp Park'),
('ee740085i', 'Shoshana Downie', '02/05/1998', '8416 Carberry Crossing'),
('ee740794t', 'Evey Luckman', '10/08/1992', '898 Butternut Point'),
('ef765749d', 'Merwin Partener', '16/04/1988', '29021 Clemons Terrace'),
('eh265089x', 'Sterling Elgood', '05/12/1999', '428 8th Point'),
('ei247057v', 'Kalvin Corrado', '07/11/1980', '770 Fallview Trail'),
('ei636866y', 'Felicdad Escala', '27/11/1976', '26 Holy Cross Place'),
('ej657352g', 'Cherida Gocke', '06/12/1951', '395 Comanche Center'),
('el763944v', 'Rhea Saffle', '12/06/1999', '77051 Shasta Circle'),
('en390360s', 'Feodor Inge', '03/12/1961', '5 Knutson Plaza'),
('eo273727q', 'Elaina Ramplee', '12/09/1983', '9 Merry Hill'),
('eo514879y', 'Georgine Winspare', '10/10/1966', '2732 Cottonwood Way'),
('ep586696m', 'Lissa Egalton', '16/07/1978', '28673 Bultman Junction'),
('er088315j', 'Sibeal Fullard', '16/12/1978', '6296 Pleasure Road'),
('er279775r', 'Maressa Hans', '13/10/2001', '73 Coolidge Park'),
('eu934314q', 'Robinetta Triswell', '29/09/1956', '5 Independence Trail'),
('ev422969a', 'Carlie Braganza', '16/05/1964', '806 Sachs Parkway'),
('ew007431m', 'Ramonda Overpool', '01/03/1958', '12879 Mayfield Lane'),
('fa725896g', 'Pet Littrik', '01/10/1981', '19 Haas Pass'),
('fc920310o', 'Laird Stalley', '05/12/1953', '75447 Norway Maple Park'),
('fe255201p', 'Jarad Thorowgood', '24/03/2000', '01 East Hill'),
('fg558529z', 'Farlay Haughan', '21/08/1984', '99 Schurz Plaza'),
('fh221614b', 'Bary Skoof', '02/12/2001', '20630 Tony Avenue'),
('fi082187y', 'Tiffany Wessing', '09/03/1983', '422 Darwin Lane'),
('fi299116a', 'Sigfrid Mankor', '13/07/1997', '9773 Old Shore Way'),
('fj377449j', 'Cheri Cancellieri', '07/09/1993', '97763 Anhalt Way'),
('fl067205y', 'Minor Bennion', '14/07/1958', '9756 Cottonwood Lane'),
('fm459704k', 'Brandise Kondrachenko', '28/02/1961', '3 Kenwood Alley'),
('fm907610k', 'Quentin Devine', '08/02/1962', '09 Knutson Park'),
('fp198238e', 'Heda Cathersides', '05/10/1995', '7 Laurel Park'),
('fp824869e', 'Marius Brosnan', '07/07/1996', '94941 Fairfield Terrace'),
('ft026339d', 'Joshuah Faircliffe', '16/09/1992', '8 Merry Center'),
('fu609000b', 'Cody Peasey', '26/01/1974', '6 Dixon Point'),
('fv388894k', 'Pietro Ochterlony', '28/08/1989', '75 Weeping Birch Junction'),
('gb123108s', 'Lonnie Niessen', '12/04/1977', '754 Lien Road'),
('gb391445q', 'Wilmette Jerrom', '30/10/1974', '6 Monica Way'),
('gb976841w', 'Mallorie De Brett', '25/05/1987', '1 Lillian Drive'),
('gd794016y', 'Darsey Fryman', '30/11/1974', '996 Sauthoff Circle'),
('gd959536a', 'Adler Wheeliker', '25/01/1979', '018 Lakewood Parkway'),
('ge941219f', 'Nappy Ludmann', '15/08/1991', '3329 Sheridan Junction'),
('gi458830f', 'Tybie Exell', '03/09/1985', '1 Anderson Plaza'),
('gj588599m', 'Marna Abramski', '15/10/1985', '6 Scoville Pass'),
('gk840892x', 'Archie Godden', '08/12/1979', '7 Marcy Road'),
('gm065123w', 'Thatch Kinvig', '16/03/1983', '9 Fuller Street'),
('go119787t', 'Tandy Goodbourn', '03/10/1996', '719 Sloan Drive'),
('gq875183d', 'Norma Budgeon', '19/01/1986', '5061 Northland Place'),
('gr760688u', 'Glyn Canet', '25/11/1999', '565 Glendale Park'),
('gx740846k', 'Cyrus Willmetts', '02/08/1986', '470 Oakridge Circle'),
('gx924268x', 'Scotty Keson', '12/08/1967', '14 Kipling Point'),
('gy674145h', 'Alyss Nance', '07/09/1952', '0974 Red Cloud Junction'),
('hb766263l', 'Antonetta Beefon', '17/12/1961', '68 Blackbird Drive'),
('he783674o', 'Katya Ilewicz', '21/08/1977', '68697 Sutteridge Road'),
('hg523274c', 'Godfrey Napoleon', '12/10/1966', '030 Fallview Court'),
('hg982259y', 'Sofie Cavaney', '24/10/1966', '12677 Northridge Alley'),
('hj451937l', 'Keelby Pelling', '22/12/1965', '5 Jay Trail'),
('hm085014v', 'Gordie Gaynesford', '24/10/1986', '4 Fordem Circle'),
('hm134578n', 'Borg Szymanzyk', '26/02/1998', '41 Amoth Crossing'),
('hm391563j', 'Alene Amiss', '25/08/1977', '07913 Jenna Trail'),
('hm636135w', 'Janek Semeradova', '06/08/1966', '12015 Dayton Trail'),
('hn280217c', 'Alaric Santarelli', '28/09/1959', '8757 Thompson Trail'),
('hp128399x', 'Sinclair Byfford', '10/12/1981', '201 Melody Parkway'),
('hp673805w', 'Garald Greenrde', '04/09/1975', '15302 Independence Drive'),
('ht175666x', 'Georas Divisek', '10/05/1951', '25 Moulton Lane'),
('hx158296g', 'Zared Klulicek', '22/07/1966', '62958 Canary Junction'),
('hx200738r', 'Gillan Stolberger', '01/06/1985', '04255 Mayfield Way'),
('hx643872o', 'Vikki Guthrie', '10/04/1976', '6 Farragut Road'),
('hy568138e', 'Valida Bootes', '23/07/1968', '06 Bluejay Way'),
('ia005234g', 'Fayre Tomney', '23/07/1979', '1506 Ryan Point'),
('ib067151y', 'Skell Swainson', '12/05/1994', '31 Sundown Terrace'),
('ib637202u', 'Brandi Andreassen', '12/07/2000', '008 Service Alley'),
('ie180913g', 'Oates Snepp', '29/07/1967', '684 Park Meadow Junction'),
('ie609169k', 'Tait Bremeyer', '29/05/1950', '82 Calypso Junction'),
('ig939447u', 'Taber Nuton', '29/01/1966', '94646 Charing Cross Parkway'),
('ii522336e', 'Pepillo Maha', '26/02/1953', '2025 Waxwing Drive'),
('ik578743b', 'Sukey Roddan', '06/04/1979', '5 Gulseth Center'),
('in158664i', 'Guido Hoopper', '16/07/1986', '51 Prairieview Alley'),
('io334297g', 'Chris Skittrell', '23/08/1986', '174 Namekagon Court'),
('is015669m', 'Yank Mullan', '25/01/1986', '94728 5th Center'),
('it152291r', 'Malissia Osgardby', '26/12/1989', '29416 Grover Alley'),
('iu795663w', 'Joceline Oats', '11/08/1963', '8 East Pass'),
('jb039257n', 'Lombard Debling', '13/01/1989', '36 Mayer Drive'),
('jc445141x', 'Dirk Perrott', '17/10/1995', '679 Summer Ridge Road'),
('jd412382q', 'Dur Janodet', '17/04/1950', '91175 Northland Hill'),
('ji602428k', 'Luisa Burtonwood', '02/12/1975', '554 Marcy Crossing'),
('ji880896f', 'Cedric Chazotte', '07/07/1965', '77 Ilene Parkway'),
('jk018371c', 'Giorgia McCrohon', '09/02/1984', '80323 Myrtle Court'),
('jk980246h', 'Efren Sealove', '30/03/1967', '7623 Lien Center'),
('jm300330r', 'Hayes Butting', '26/09/1958', '120 Lotheville Pass'),
('jn422060l', 'Michaela Shrieve', '13/10/1958', '78 Raven Road'),
('jr596419t', 'Sayre Simnel', '19/05/1952', '761 Kennedy Lane'),
('jt347163f', 'Lianna Seden', '19/07/1964', '655 Superior Alley'),
('ju063558q', 'Barr Eefting', '12/11/1976', '234 Susan Lane'),
('ju954932e', 'Reginauld Oak', '25/03/1955', '8 Pleasure Drive'),
('jx648488c', 'Katerina Barnfield', '26/10/2000', '34404 Bellgrove Avenue'),
('jz826946h', 'Dominique Causon', '16/11/1978', '2 Mallard Way'),
('kc363601g', 'Alfie Glasebrook', '25/08/1987', '5942 Del Mar Court'),
('kc608204k', 'Yank Vasilyonok', '23/02/1999', '5 Debs Alley'),
('kc800413c', 'Corny Leynham', '03/03/1972', '8 Hansons Drive'),
('kc825703y', 'Judah Groomebridge', '25/10/1959', '1714 Clyde Gallagher Point'),
('kd209714d', 'Hebert Zaniolini', '05/09/1991', '8 Buell Place'),
('kd444344u', 'Nari Crawshaw', '21/03/1992', '40 Debra Center'),
('kf326923s', 'Mala Eyree', '14/07/1993', '6 Dorton Circle'),
('kh895707v', 'Clarissa Houson', '12/05/1975', '1 Granby Pass'),
('kk311112p', 'Ardyce Calcraft', '31/08/1982', '953 Green Trail'),
('kk792060s', 'Agnes Dendon', '17/02/1986', '158 Twin Pines Crossing'),
('km813203w', 'Corette Mourbey', '04/06/1983', '246 Wayridge Hill'),
('kn988197t', 'Brandi Clayson', '22/11/1963', '7 Myrtle Circle'),
('kp709951v', 'Mildrid Ethington', '06/01/1950', '4 Buhler Pass'),
('kt389837b', 'Salli Oulner', '24/10/1957', '26 Pepper Wood Parkway'),
('kt951067x', 'Marje Cranage', '23/02/1981', '15 Crescent Oaks Junction'),
('ku592945q', 'Dari Siene', '29/01/1971', '57 Randy Point'),
('ku802868l', 'Homer Bresman', '21/03/1970', '84058 Hayes Parkway'),
('ku840832k', 'Codie Stambridge', '11/02/1953', '38 Schurz Pass'),
('ku940218f', 'Bev Yakunikov', '07/02/1973', '50563 Waubesa Point'),
('kv498760u', 'Meggi Abbado', '17/02/1966', '3078 Hoffman Junction'),
('kw585002h', 'Marie Gummoe', '31/07/1954', '4 Debra Terrace'),
('kw816523w', 'Frannie Pedron', '10/10/1979', '85 Meadow Valley Avenue'),
('kz832424w', 'Feodora Benning', '18/02/1994', '620 Sachtjen Center'),
('kz848071o', 'Rahel Gallo', '15/05/1997', '798 Karstens Parkway'),
('la176569w', 'Arly Bartolommeo', '12/02/1960', '759 Esch Way'),
('lb704495e', 'Patric Izsak', '10/09/1959', '02 Comanche Place'),
('lb767754c', 'Carey Netley', '22/10/1963', '279 Helena Place'),
('lc856388d', 'Braden Wigin', '31/10/1983', '9641 Loftsgordon Park'),
('lf092320a', 'Merralee Vannuchi', '20/01/1986', '7 Vera Place'),
('lh106861m', 'Oswell Beddingham', '24/04/1953', '12989 Village Green Street'),
('lh444635g', 'Alfie Dean', '10/03/1963', '15 Mccormick Point'),
('lh695834z', 'Marilyn Glassborow', '19/11/1978', '6 Waubesa Crossing'),
('lm182202b', 'Dode Hurtado', '06/02/2002', '12322 Cottonwood Point'),
('lo612272u', 'Carlee Shearmur', '28/06/1966', '2 Vermont Terrace'),
('lp500272n', 'Truda Edleston', '07/03/1966', '37994 Green Ridge Drive'),
('lq983512u', 'Robinett Iacopini', '27/08/1961', '2224 Kensington Street'),
('lr289379r', 'Reg Lanphier', '09/12/1979', '049 Cambridge Road'),
('ls403208x', 'Merrel Miklem', '27/07/2000', '00 Marcy Trail'),
('lv730967l', 'Roscoe Honeyghan', '11/11/1977', '89 Golden Leaf Drive'),
('lw132386n', 'Charissa Peattie', '23/06/1952', '6497 Haas Park'),
('lw151180l', 'Staford Klarzynski', '09/03/1951', '02676 Mesta Junction'),
('lw629488e', 'Diannne Scala', '09/07/1955', '96290 Bunker Hill Hill'),
('lw782748u', 'Celinda Joberne', '03/12/1993', '5 Jana Way'),
('lx057194p', 'Goddard Bagot', '24/05/1980', '362 Coleman Way'),
('ly831340g', 'Petronille Squelch', '30/01/1987', '67 Golden Leaf Park'),
('ly992939e', 'Armstrong Ivachyov', '10/12/1973', '41681 Welch Court'),
('ma973579k', 'Jennica Welbeck', '18/04/1952', '78916 Green Ridge Trail'),
('md982609a', 'Jilly Skirvane', '27/04/1961', '4227 Darwin Circle'),
('mg195096h', 'Waring Durkin', '07/03/1984', '9597 Towne Center'),
('mg608324j', 'Nesta Dottrell', '26/04/1981', '6 Ridgeway Court'),
('mh954487u', 'Puff Speeding', '12/11/1951', '22016 New Castle Hill'),
('mk604551h', 'Editha Anney', '23/08/2001', '271 Browning Plaza'),
('mo353148n', 'Dewitt Gabby', '07/06/1961', '8 Montana Park'),
('mo726896p', 'Philly Halliberton', '23/08/1994', '33 Sheridan Road'),
('mp067841c', 'Annabelle Caddies', '26/03/1964', '66 Loomis Alley'),
('ms059474n', 'Irv Tomsen', '05/08/1995', '0 Harper Way'),
('mt812263o', 'Lester Carmo', '02/02/1997', '6 Buell Trail'),
('mu698813c', 'Robin Bartkowiak', '14/07/1988', '5559 Shelley Circle'),
('mu901992i', 'Cordula Redsull', '14/05/1953', '3 Sullivan Lane'),
('mw080326p', 'Alica Barthel', '02/09/1987', '80231 Twin Pines Center'),
('mw253204t', 'Tobi Bute', '31/01/1986', '46 Jenifer Plaza'),
('mx935884p', 'Delphinia Skelhorn', '29/08/1969', '115 Cody Point'),
('mz193764k', 'Eudora Marten', '19/08/1981', '6 Corry Road'),
('na778983r', 'Vincents De Bruijne', '20/03/1983', '3 Claremont Parkway'),
('na997468x', 'Fanni Melrose', '10/06/1962', '33 Sutteridge Parkway'),
('nd673205l', 'Patric Etienne', '24/12/1954', '87269 Huxley Place'),
('nd981367q', 'Elliot Allitt', '17/03/1978', '8 Redwing Court'),
('nf421951o', 'Eba Fiander', '17/10/1993', '0094 Fallview Terrace'),
('ng987509r', 'Shepard Johansson', '24/07/1986', '22 Hudson Trail'),
('nh139989u', 'Micki Wyness', '06/12/1974', '26 Novick Plaza'),
('nj080641o', 'Leisha Mieville', '23/11/1950', '027 Clarendon Center'),
('nk424390j', 'Hewett Collcutt', '05/07/1953', '453 Emmet Center'),
('nm508435w', 'Kelsi Cunney', '02/07/1955', '5 Toban Terrace'),
('nn735991o', 'Lucinda McGhee', '26/03/1981', '625 Mitchell Point'),
('no949821c', 'Tanney Marques', '19/02/1966', '9382 Prairie Rose Alley'),
('no969473z', 'Wileen Elwell', '21/09/1991', '82 Tennyson Alley'),
('np061992l', 'Karole Roderighi', '22/12/1988', '6281 Hovde Road'),
('np848289h', 'Lyn Topp', '06/06/1979', '20 Sloan Circle'),
('nr398078m', 'Nelli Esche', '04/01/1994', '78814 Summer Ridge Court'),
('ns537861h', 'Wynne Flowitt', '09/11/1961', '8 Harbort Road'),
('ns990887t', 'Demetre Headrick', '11/10/1963', '98692 Forster Hill'),
('nt307553s', 'Noni Abbatucci', '18/03/1989', '1 Monterey Center'),
('nu487701k', 'Ferd Uccello', '09/01/1997', '90243 Karstens Pass'),
('nv658761a', 'Malchy Kempshall', '08/04/1950', '5 Melby Plaza'),
('ny144248g', 'Alix Ambrogelli', '22/10/1960', '60 North Place'),
('nz535691o', 'Renaldo Fussey', '11/04/1955', '7 Northland Street'),
('nz662678p', 'Latashia McGaugan', '08/07/1992', '1386 Artisan Parkway'),
('ob669602j', 'Elvina Matuszynski', '27/05/1956', '6 Grover Road'),
('ob677832o', 'Kelly Farragher', '20/10/1980', '6 Meadow Vale Trail'),
('of014519k', 'Velvet Carbine', '12/04/1987', '682 Kensington Drive'),
('of102924m', 'Rhody Yaxley', '24/01/1983', '90344 Merrick Crossing'),
('of985665x', 'Tessy Cartan', '04/02/1985', '75834 Burning Wood Parkway'),
('og602265e', 'Hillard Milan', '06/04/1967', '9010 Straubel Park'),
('oh486872e', 'Josie Henricsson', '06/03/2001', '8035 Brown Lane'),
('oj166622v', 'Doralyn Freemantle', '11/05/1994', '33 Gateway Crossing'),
('ok001999u', 'Joelie Bacchus', '09/10/1978', '0374 Pawling Hill'),
('op270447a', 'Benita Taffarello', '24/11/1991', '89784 Hollow Ridge Avenue'),
('op535073z', 'Wolfgang Frake', '28/01/1982', '97152 Waubesa Center'),
('os724826w', 'Salim Cator', '30/05/1988', '74 Lyons Place'),
('ox915931w', 'Koren McCluskey', '11/08/1955', '6677 Evergreen Plaza'),
('pc545418r', 'Gerladina MacGinney', '29/12/1992', '270 Melody Park'),
('pg514115j', 'Darelle Peverell', '08/08/1978', '52683 Aberg Parkway'),
('pg674068r', 'Phillida Musicka', '22/10/1973', '111 Twin Pines Center'),
('pk662258w', 'Everett Hoggetts', '15/11/1999', '4809 Gale Trail'),
('pk696816m', 'Lexine Joney', '07/04/1974', '73817 Muir Court'),
('po115732f', 'Morganica Dracksford', '03/08/1986', '867 Pierstorff Hill'),
('pq325071u', 'Alfonso Pirdue', '27/01/1950', '201 Garrison Crossing'),
('pr407605t', 'Junette Hackforth', '26/03/1998', '74801 Lakewood Trail'),
('pr574429q', 'Catlaina McInerney', '03/11/1953', '19 Aberg Plaza'),
('ps295181z', 'Chiarra Dundridge', '10/01/1972', '04 Porter Avenue'),
('ps334310v', 'Ginelle Morgon', '26/04/1960', '411 2nd Pass'),
('ps562104c', 'Shaw Brandsen', '22/10/1974', '55545 Toban Trail'),
('pu346240t', 'Felipe Ferschke', '25/12/1986', '5508 Hauk Terrace'),
('pu508250s', 'Janeva Carlet', '18/07/1974', '5557 Washington Point'),
('pw205885r', 'Kristofer Janson', '01/03/1972', '18140 Straubel Road'),
('pw357899l', 'Jenn Alsina', '08/12/1987', '281 Marquette Drive'),
('qa101983v', 'Dorie Brazener', '19/01/1966', '7720 Miller Way'),
('qb596623c', 'Derril Scaife', '08/01/1965', '4 Tony Street'),
('qf112815j', 'Theressa Prentice', '18/02/1973', '2026 Oak Valley Hill'),
('qf137469l', 'Ruperta Stobie', '17/09/1976', '2825 Pepper Wood Center'),
('qf846140g', 'Ikey Sholl', '23/07/1985', '62 North Place'),
('qh838641y', 'Ermengarde Breitling', '06/07/1963', '2376 Brentwood Place'),
('qi586048l', 'Ninnette Reach', '11/04/2002', '018 2nd Parkway'),
('qj120357r', 'Starr Akhurst', '01/06/1951', '42 Golf Course Hill'),
('qj455525d', 'Nelle Thams', '16/12/1982', '04 Weeping Birch Junction'),
('qj799086z', 'Aylmer Gabbatiss', '20/09/1950', '8828 Blue Bill Park Avenue'),
('ql275702i', 'Simeon Dilworth', '10/04/1974', '749 Summit Circle'),
('ql321121l', 'Jeffy Camel', '19/11/1987', '067 Columbus Street'),
('ql642076f', 'Jorge Bonham', '19/03/1998', '8 2nd Trail'),
('qn206371i', 'Stefa Stringman', '09/12/1987', '3 Lake View Lane'),
('qr454157y', 'Julio Featherstonhalgh', '20/02/1987', '35498 Jackson Pass'),
('qu905290s', 'Sarina Kalb', '14/11/1950', '565 Annamark Alley'),
('qv299811c', 'Winnah Gillott', '31/12/1982', '40711 Dayton Plaza'),
('qv402258l', 'Leonelle Claridge', '15/01/1974', '09468 Lunder Place'),
('qy726870d', 'Emanuele Strickland', '14/04/1967', '3772 Dawn Drive'),
('qz236393m', 'Jodie Busswell', '07/12/1958', '8 Pepper Wood Avenue'),
('rb204617t', 'Gerardo Brosio', '20/03/1968', '6949 Bonner Junction'),
('rb499211c', 'Rab Feast', '01/04/1986', '9503 Buell Drive'),
('rb727027l', 'Pansy Benasik', '04/03/1953', '777 Welch Junction'),
('rb919501k', 'Maggi Hamshar', '19/04/1950', '92344 Main Avenue'),
('rc413749a', 'Darryl Payfoot', '15/10/1955', '62334 Prairie Rose Drive'),
('rc734008g', 'Nataline Roycroft', '04/06/1967', '52339 Eastlawn Crossing'),
('rf462586d', 'Elnar Tabrett', '15/03/1963', '280 Drewry Way'),
('rg151568q', 'Lynne Muccino', '27/05/1960', '65 Northland Avenue'),
('ri926857q', 'Elfrieda Slessar', '02/02/1954', '5536 Stone Corner Terrace'),
('rk384949o', 'Will Craik', '23/04/1998', '50 Florence Junction'),
('rn693599v', 'Fayette Hackin', '31/03/1986', '212 Loomis Trail'),
('ro435900h', 'Beulah Vala', '09/09/1951', '07601 Sunfield Hill'),
('ro907653y', 'Sal Dominy', '30/07/1994', '88006 Charing Cross Hill'),
('rp358778t', 'Fredericka Mathivat', '17/04/1989', '370 Mendota Court'),
('rp562470q', 'Jacki Rumin', '21/01/1991', '84 Kipling Parkway'),
('rr316532p', 'Magdalen McIlwrick', '19/01/1974', '2099 Debra Trail'),
('rs150649p', 'Nady Yvens', '26/05/1993', '84 Mayer Court'),
('rs647299i', 'Frederic Ginnaly', '02/10/1971', '2 Drewry Circle'),
('rs859776q', 'Alys Feye', '21/01/1975', '000 Grayhawk Court'),
('rw267230v', 'Andra Bamfield', '08/12/1967', '9799 Russell Crossing'),
('ry037414u', 'Greer Durnford', '16/11/1996', '44200 Sauthoff Terrace'),
('ry550614d', 'Raphaela Symon', '07/03/1983', '41109 Stephen Plaza'),
('ry740755s', 'Vania Simonsson', '22/12/2001', '666 Hoffman Parkway'),
('rz111360g', 'Rochell O\'Doohaine', '08/11/1973', '1802 Hayes Court'),
('rz638367h', 'Odey Smeeth', '23/07/2000', '46584 Kedzie Point'),
('sa107205q', 'Elvira Vinson', '10/06/1966', '37 Kipling Lane'),
('sb614856m', 'Flemming Arnoll', '03/08/2002', '2 Eggendart Crossing'),
('sf717839d', 'Estevan Francesco', '16/09/1970', '2 Troy Avenue'),
('sg232892l', 'Cassy Hiddersley', '03/09/1999', '9902 Starling Circle'),
('sh419152d', 'Jacinta Partleton', '15/10/1962', '3957 Hoard Place'),
('sh464311u', 'Rhodia Realy', '23/12/1959', '2748 Wayridge Junction'),
('sh512546i', 'Schuyler Stoffels', '20/09/1980', '31 Carioca Terrace'),
('si278865g', 'Bonnibelle Disley', '30/07/1987', '9 Vermont Trail'),
('sj533699h', 'Pammy Sterling', '21/04/1966', '466 Northfield Alley'),
('sk016695u', 'Ludovika Blucher', '13/01/1956', '0141 Forest Alley'),
('sk062184b', 'Aldridge Kensett', '04/12/1987', '94 Dunning Trail'),
('sl566148h', 'Alexandros Ormesher', '15/03/1998', '664 Gale Plaza'),
('sm423704x', 'Vivie Jagels', '06/12/1964', '77 Dovetail Drive'),
('sn878406k', 'Isacco Chaperling', '03/11/1975', '71120 West Crossing'),
('so040048u', 'Onofredo Joontjes', '01/04/1990', '938 2nd Way'),
('sp696523t', 'Gris Elington', '30/12/1963', '12 School Way'),
('sq353921l', 'Benny Lander', '06/01/1991', '86904 Montana Road'),
('sr314203n', 'Tandi Dmitrovic', '19/01/1970', '5447 Lyons Center'),
('sv922230q', 'Lyell Brannan', '05/09/1984', '7 Anzinger Center'),
('sw345892x', 'Stanislaus Ferreli', '20/04/1975', '5 Northland Park'),
('tf577069v', 'Hadlee Stealey', '17/11/1997', '0 4th Court'),
('tg734644m', 'Melany Klugel', '18/05/1955', '14577 Truax Alley'),
('tj978150h', 'Say Lodwig', '27/08/1987', '54399 Forest Dale Avenue'),
('tk845900k', 'Nicky Ipplett', '25/10/1983', '7153 Merrick Terrace'),
('tm559297a', 'Renaud Skpsey', '26/01/2002', '4430 Fieldstone Alley'),
('tm808573f', 'Tommie Vallintine', '21/11/1973', '37 Superior Parkway'),
('tn328405l', 'Murdock Linsay', '08/12/1992', '8 Shelley Terrace'),
('tn459758p', 'Ambur Challenor', '17/09/1955', '2 Morning Crossing'),
('to907441w', 'Yoshi Peakman', '06/03/1953', '641 Warner Point'),
('tp307139n', 'Alfi MacFadzean', '07/05/1983', '6 Old Shore Center'),
('tp697018e', 'Sashenka Artin', '22/09/1982', '71 Talmadge Drive'),
('tq009471b', 'Orsola Francillo', '06/06/1970', '31360 Debra Junction'),
('tt394813q', 'Del Fitter', '26/11/1982', '4290 Superior Terrace'),
('tu153415t', 'Giffard Endecott', '14/03/1953', '13672 Caliangt Terrace'),
('tv211484w', 'Gina Macrae', '14/05/1961', '607 Northport Center'),
('tx085395s', 'Bria Thomkins', '01/04/1952', '7 Homewood Road'),
('tx310999b', 'Loren Kupper', '10/07/1999', '24 West Plaza'),
('tx491950i', 'Constantia Privett', '29/01/1980', '162 Moland Terrace'),
('tx858508r', 'Clareta Bamlet', '09/04/1964', '1038 Bellgrove Parkway'),
('ub404168r', 'Heath Manvell', '28/02/1970', '77 Westridge Road'),
('ub855681n', 'Florie Reyes', '28/11/1999', '2 Heffernan Center'),
('uc493497v', 'Desirae Gooch', '07/01/1979', '6306 Reinke Circle'),
('ui092814r', 'Conni Orhrt', '09/05/2000', '92 Moose Park'),
('uj306006a', 'Ashbey England', '18/09/1979', '3 Oneill Crossing'),
('ul176502b', 'Dorene Ipplett', '16/11/1986', '87 Cardinal Court'),
('ul369491o', 'Meade Ketteman', '30/07/1950', '47 Nevada Center'),
('un133384d', 'Verla Seacroft', '18/05/2000', '0134 Fieldstone Trail'),
('uo254689s', 'Sherlocke Cornner', '15/03/1960', '00811 Morning Crossing'),
('us493269a', 'Wynn Winterscale', '12/12/1989', '931 Warbler Road'),
('us717372t', 'Conney Ferras', '19/07/1993', '43048 American Ash Hill'),
('uu202177x', 'Afton Cassels', '15/06/1984', '4 Grover Way'),
('uu528507s', 'Nikaniki Scarman', '05/12/1994', '81 Fallview Avenue'),
('uu534964w', 'Ransell Seakings', '22/07/1995', '1 Ramsey Park'),
('uv348158a', 'Adrienne Myall', '11/08/1972', '9 Oneill Place'),
('uv389552l', 'Margaretha Kikke', '08/01/2000', '24 Logan Circle'),
('uw710251u', 'Charline Saggers', '26/11/1995', '32 Burning Wood Alley'),
('uw834458r', 'Dorian Claringbold', '18/11/1955', '7422 Crownhardt Avenue'),
('ux496294h', 'Kial Labden', '07/03/1998', '55507 Bultman Circle'),
('ux813250n', 'Arne Bosson', '28/01/2001', '77803 Messerschmidt Park'),
('uz970481u', 'Raina Yearn', '03/09/1972', '7 Havey Point'),
('va211893v', 'Sofia Skoof', '26/11/1965', '47354 Clyde Gallagher Point'),
('va219127u', 'Hugues Tavner', '03/12/1980', '78 Parkside Point'),
('vb943949c', 'Thea Bradborne', '27/09/1967', '3118 Lien Circle'),
('vd479897l', 'Victoir Loveitt', '05/02/1996', '7 Judy Parkway'),
('vd818340c', 'Annetta Cock', '16/07/1984', '76245 Hoffman Court'),
('ve628368y', 'Gianina Leppington', '27/05/1979', '1 Jenifer Park'),
('ve944995l', 'Veradis Wagstaff', '08/08/1951', '592 Sullivan Pass'),
('vg613456a', 'Bearnard Parysowna', '08/09/1985', '60052 Monument Alley'),
('vg667583e', 'Gill Fulford', '20/03/1968', '9 Susan Avenue'),
('vg977309d', 'Jacobo Pashba', '15/05/1976', '101 Linden Crossing'),
('vg979335t', 'Catharine Sharpous', '10/08/1983', '081 Hermina Trail'),
('vi744437v', 'Georg De Gouy', '18/01/1993', '06 Hermina Terrace'),
('vk466721d', 'Ina Farrans', '10/03/1952', '65968 Fairview Center'),
('vk802431y', 'Annette Josephs', '07/03/1960', '532 Kipling Place'),
('vk993165i', 'Delila Folland', '27/11/1955', '5993 Warner Park'),
('vl606950t', 'Felice Plaide', '05/03/1953', '0617 Daystar Drive'),
('vm874796y', 'Nari Chowne', '17/01/1979', '169 Clemons Drive'),
('vn364397s', 'Vinni Champneys', '01/05/1976', '38416 Susan Plaza'),
('vr974451g', 'Morgen Shortland', '17/08/2002', '3 Doe Crossing Trail'),
('vs049545n', 'Cornie Hub', '01/04/1999', '564 Muir Alley'),
('vu807135v', 'Stafani Clampe', '05/05/1954', '8 Bultman Avenue'),
('vu851838j', 'Stearne Stennet', '08/04/1993', '664 Warrior Drive'),
('vv093891d', 'Florry Oblein', '20/12/1984', '5 Elmside Lane'),
('vv690440b', 'Anderea Challicombe', '21/03/1999', '8 Melvin Terrace'),
('vv722651o', 'Zahara Pepis', '16/03/1992', '15 2nd Crossing'),
('vv771459v', 'Iorgo Dowsey', '08/07/2001', '904 Pond Park'),
('vw612487d', 'Meridith Bolton', '06/01/1951', '9 Hooker Avenue'),
('vw694872r', 'Christiane Barnes', '25/08/1965', '2958 Butterfield Point'),
('vw739034c', 'Janot Kleinsinger', '05/10/1982', '4324 Huxley Point'),
('vx435216w', 'Viviana Dreschler', '28/11/1954', '3 Oak Terrace'),
('vy437276r', 'Bobbye Pottinger', '04/12/1953', '4633 Scott Street'),
('vy468006g', 'Willyt Ezzy', '12/06/1983', '61751 Burrows Drive'),
('vy489059e', 'Netta McCabe', '26/02/1998', '1 Lakewood Gardens Plaza'),
('vy525798f', 'Rene Waddup', '08/08/1992', '47 Southridge Parkway'),
('vz575305z', 'Constantino Phlippsen', '21/08/1965', '52 Nevada Road'),
('vz886203m', 'Charlena Marques', '24/11/1966', '2800 Dahle Avenue'),
('wa954782v', 'Bevan Durrell', '09/02/1950', '18 Butternut Road'),
('wc844307p', 'Esteban Ziemen', '01/07/1956', '4832 Pankratz Road'),
('wd175217c', 'Demetrius Lowmass', '24/07/1968', '8 Stone Corner Crossing'),
('wh660279o', 'Lamar Chesters', '01/02/1952', '2234 Heffernan Place'),
('wh734079v', 'Phyllis Lalevee', '06/03/1962', '77169 Sullivan Crossing'),
('wj636565x', 'Sandye How', '24/05/1963', '2 Fordem Street'),
('wk661827y', 'Douglas MacArdle', '15/07/1991', '14 Laurel Court'),
('wn058972w', 'Donica Hewell', '03/01/1978', '2911 Southridge Hill'),
('wn277158x', 'Mellisa Mapam', '21/12/1961', '65 Maryland Junction'),
('ws189951j', 'Alia Sygroves', '20/12/1967', '7 Roth Alley'),
('ws394988s', 'Padgett Casel', '02/06/1956', '3552 Towne Road'),
('wu157014q', 'Malcolm Louys', '13/02/1996', '2 Ronald Regan Pass'),
('ww210857j', 'Tymon Smeal', '07/12/1983', '22635 Toban Court'),
('ww328815i', 'Ashley Barcke', '30/07/1968', '7 Eastlawn Alley'),
('wx774255i', 'Haze Rosenbush', '10/11/1995', '0 Kropf Alley'),
('xa033094e', 'Onfre Woolmore', '22/11/1983', '7868 Pearson Hill'),
('xa610379g', 'Bianka Druce', '28/02/1955', '5 Pierstorff Plaza'),
('xb032437g', 'Ferrell Lages', '23/04/1996', '39705 Goodland Center'),
('xb125807v', 'Marney Kolak', '15/10/1978', '5 Merrick Road'),
('xc467370v', 'Dotti Busek', '06/06/1984', '32564 Veith Circle'),
('xd785936e', 'Julina Copnar', '01/06/1991', '8 Randy Court'),
('xd817271x', 'Valeria Proschek', '18/02/1996', '6 Red Cloud Court'),
('xe947994r', 'Ernestus Dewsnap', '14/09/1963', '937 Springs Road'),
('xh198735c', 'Gerek Bardnam', '29/12/1966', '91085 Maple Court'),
('xh499685d', 'Giorgia Hynes', '15/01/1963', '23948 Ruskin Place'),
('xh603239m', 'Orton Willmore', '31/01/1985', '4 Pine View Street'),
('xo554182r', 'Lief Schimann', '01/07/1957', '4786 Rowland Trail'),
('xp081647h', 'Parker Filippov', '05/03/1995', '9 Granby Terrace'),
('xq363276d', 'Davie Cutill', '28/12/1961', '61998 Fisk Lane'),
('xr596082y', 'Donella Chinery', '12/02/1970', '3 Tennessee Street'),
('xx491915v', 'Norton Bygrove', '09/12/1952', '0412 Packers Lane'),
('xy286906n', 'Fanchon Stebbings', '15/11/1966', '77689 Donald Alley'),
('xz020089e', 'Burnaby McGreay', '13/09/1971', '55 Hansons Center'),
('xz369649i', 'Leola Dayly', '24/02/1995', '1 Tony Avenue'),
('xz796669h', 'Cherilyn Jepps', '30/10/1971', '062 Nevada Parkway'),
('ya877759r', 'Osgood Sutherby', '20/08/1990', '88855 Merrick Road'),
('yb039141a', 'Carolin Jagson', '06/12/1953', '57891 Bultman Circle'),
('yc393041q', 'Benoit Collman', '12/12/1982', '827 Erie Junction'),
('yg637206i', 'Phaidra Ivey', '02/01/1970', '46 Toban Lane'),
('yh126921t', 'Faunie Testo', '02/09/1952', '903 Pawling Terrace'),
('yh345037b', 'Hayyim Fleay', '05/02/1974', '3644 Blaine Court'),
('yh523785h', 'Lorita Fere', '26/07/1973', '9899 Johnson Park'),
('yh646941o', 'Sarajane Abrams', '02/01/1985', '26499 Warrior Avenue'),
('yk522444d', 'Rafferty Edowes', '24/07/1988', '96 Helena Crossing'),
('yl605202h', 'Noni Szymoni', '09/02/1959', '6 Kedzie Circle'),
('yl966209u', 'Raquel Stave', '21/06/1998', '8 Springview Plaza'),
('yo417120d', 'Germain Stockow', '30/05/1981', '102 Haas Junction'),
('ys652384q', 'Marylou McClunaghan', '24/09/1982', '7 Bluestem Pass'),
('yx527895g', 'Shelley Camilletti', '25/12/1974', '91311 Hauk Avenue'),
('yx656704n', 'Sallie Hardwell', '20/09/1983', '6 Golf View Pass'),
('yz407625p', 'Agnese Murrhardt', '18/12/1955', '4666 Jay Court'),
('yz604658j', 'Harwell Lain', '31/01/1978', '11 Bartelt Terrace'),
('yz717919v', 'Britta Northin', '11/09/1959', '757 Ramsey Terrace'),
('yz865649d', 'Brose Niece', '02/02/1964', '18466 Village Green Plaza'),
('za364662q', 'Dulcia Antonutti', '19/07/1996', '9 Kingsford Plaza'),
('zb232750v', 'Viola Holleran', '23/03/1984', '877 Twin Pines Plaza'),
('zc732912g', 'Dedra MacConnulty', '13/05/1989', '22342 Sauthoff Center'),
('ze015887n', 'Bailey Lewington', '02/02/1993', '3 Bobwhite Center'),
('zf490474b', 'Juditha Pesterfield', '19/10/1952', '076 Heath Drive'),
('zh337987i', 'Doralynn Suddaby', '16/09/1952', '4 Springview Plaza'),
('zi651705l', 'Jacob Kelf', '25/11/1965', '48033 Forest Run Parkway'),
('zi901356n', 'Joeann Beckerleg', '14/12/1992', '6442 Dennis Street'),
('zk782722r', 'Noell Azam', '19/05/1974', '66 Brown Hill'),
('zp730277w', 'Blancha McMillian', '21/07/1991', '59 Buhler Trail'),
('zs026946u', 'Sonny Tabrett', '29/01/1989', '25326 Briar Crest Hill'),
('zt656754o', 'Hortense Berecloth', '29/07/1987', '2 Barby Parkway'),
('zw251674d', 'Earl Wagerfield', '05/04/1998', '34 Lillian Center'),
('zx396808c', 'Mozes Fishleigh', '10/04/1952', '2636 Burning Wood Crossing'),
('zy295345w', 'Annnora Leabeater', '22/07/1962', '931 Waxwing Pass'),
('zz594734b', 'Omero Hurles', '25/05/1985', '878 Vidon Point'),
('zz664726s', 'Modesty Chicchelli', '22/01/1961', '74 Bashford Pass');

-- --------------------------------------------------------

--
-- Table structure for table `Office`
--

CREATE TABLE `Office` (
  `office_location` varchar(20) COLLATE utf8_unicode_ci NOT NULL,
  `area` varchar(20) COLLATE utf8_unicode_ci DEFAULT NULL
) ENGINE=InnoDB DEFAULT CHARSET=utf8mb3 COLLATE=utf8_unicode_ci;

-- --------------------------------------------------------

--
-- Table structure for table `Order`
--

CREATE TABLE `Order` (
  `order_ID` varchar(20) COLLATE utf8_unicode_ci NOT NULL,
  `purchase date` date DEFAULT NULL
) ENGINE=InnoDB DEFAULT CHARSET=utf8mb3 COLLATE=utf8_unicode_ci;

-- --------------------------------------------------------

--
-- Table structure for table `Ordered_Product`
--

CREATE TABLE `Ordered_Product` (
  `order_ID` varchar(20) COLLATE utf8_unicode_ci NOT NULL,
  `product_ID` varchar(20) COLLATE utf8_unicode_ci NOT NULL,
  `number_of_items` varchar(20) COLLATE utf8_unicode_ci DEFAULT NULL
) ENGINE=InnoDB DEFAULT CHARSET=utf8mb3 COLLATE=utf8_unicode_ci;

-- --------------------------------------------------------

--
-- Table structure for table `Packagers`
--

CREATE TABLE `Packagers` (
  `employee_ID` varchar(10) COLLATE utf8_unicode_ci DEFAULT NULL,
  `s_no.` int NOT NULL,
  `warehouse_ID` varchar(10) COLLATE utf8_unicode_ci DEFAULT NULL,
  `manager_no` int DEFAULT NULL
) ENGINE=InnoDB DEFAULT CHARSET=utf8mb3 COLLATE=utf8_unicode_ci;

--
-- Dumping data for table `Packagers`
--

INSERT INTO `Packagers` (`employee_ID`, `s_no.`, `warehouse_ID`, `manager_no`) VALUES
('03-3544565', 4, NULL, 7),
('04-2798023', 5, NULL, 2),
('05-3647243', 6, NULL, 2),
('05-5059849', 7, NULL, 5),
('06-3396053', 8, NULL, 15),
('06-3776558', 9, NULL, 16),
('06-9710935', 10, NULL, 3),
('07-4517183', 11, NULL, 11),
('07-4724394', 12, NULL, 2),
('08-4428147', 13, NULL, 4),
('09-8147999', 14, NULL, 16),
('10-1743239', 15, NULL, 3),
('10-4168432', 16, NULL, 14),
('10-6127924', 17, NULL, 13),
('11-0990160', 18, NULL, 7),
('11-4556284', 19, NULL, 9),
('12-0104092', 20, NULL, 9),
('12-5128654', 21, NULL, 4),
('12-6888959', 22, NULL, 4),
('12-8760096', 23, NULL, 9),
('13-8722134', 24, NULL, 3),
('13-9234597', 25, NULL, 15),
('14-2911172', 26, NULL, 5),
('14-4001908', 27, NULL, 7),
('14-6532726', 28, NULL, 7),
('17-1925809', 29, NULL, 13),
('17-3967296', 30, NULL, 12),
('18-0534773', 31, NULL, 4),
('18-3863597', 32, NULL, 16),
('18-6142811', 33, NULL, 5),
('18-9171336', 34, NULL, 6),
('19-0713712', 35, NULL, 15),
('19-1079892', 36, NULL, 11),
('19-1277494', 37, NULL, 9),
('20-7886428', 38, NULL, 12),
('21-2689388', 39, NULL, 2),
('21-3155551', 40, NULL, 15),
('22-2051613', 41, NULL, 12),
('22-6627032', 42, NULL, 10),
('22-9529013', 43, NULL, 2),
('24-4585192', 44, NULL, 6),
('24-4677621', 45, NULL, 8),
('24-9067553', 46, NULL, 7),
('24-9840403', 47, NULL, 10),
('25-9736142', 48, NULL, 12),
('27-8037561', 49, NULL, 14),
('27-8094243', 50, NULL, 3),
('28-7818998', 51, NULL, 2),
('29-2785103', 52, NULL, 14),
('29-5209106', 53, NULL, 3),
('29-6350132', 54, NULL, 5),
('29-6571924', 55, NULL, 12),
('29-7832408', 56, NULL, 13),
('30-1322103', 57, NULL, 14),
('30-3058947', 58, NULL, 2),
('30-7334418', 59, NULL, 12),
('30-8456021', 60, NULL, 8),
('32-6251861', 61, NULL, 4),
('33-0489054', 62, NULL, 9),
('33-5159037', 63, NULL, 4),
('33-7614004', 64, NULL, 4),
('34-2543597', 65, NULL, 10),
('34-2817296', 66, NULL, 5),
('34-4740678', 67, NULL, 7),
('35-8208617', 68, NULL, 8),
('36-6348131', 69, NULL, 15),
('36-6943031', 70, NULL, 5),
('36-7073092', 71, NULL, 10),
('37-0478226', 72, NULL, 4),
('37-7900056', 73, NULL, 5),
('37-8247167', 74, NULL, 9),
('38-0609594', 75, NULL, 1),
('38-1272080', 76, NULL, 8),
('38-2126707', 77, NULL, 7),
('38-5473326', 78, NULL, 7),
('38-8885296', 79, NULL, 1),
('39-4788866', 80, NULL, 13),
('40-2208062', 81, NULL, 13),
('40-5288701', 82, NULL, 13),
('41-3216938', 83, NULL, 10),
('41-3659990', 84, NULL, 10),
('41-9319442', 85, NULL, 5),
('42-0717807', 86, NULL, 8),
('42-2072103', 87, NULL, 10),
('42-5263028', 88, NULL, 7),
('42-7011523', 89, NULL, 7),
('42-7240015', 90, NULL, 12),
('42-8848918', 91, NULL, 9),
('43-6568300', 92, NULL, 6),
('44-7083318', 93, NULL, 1),
('45-1168337', 94, NULL, 3),
('46-0059406', 95, NULL, 11),
('46-2600043', 96, NULL, 15),
('47-1387266', 97, NULL, 12),
('48-9328765', 98, NULL, 14),
('49-2217652', 99, NULL, 4),
('50-6111855', 100, NULL, 5),
('50-7117246', 101, NULL, 11),
('50-9092071', 102, NULL, 10),
('51-0122715', 103, NULL, 14),
('52-0404205', 104, NULL, 10),
('52-4567561', 105, NULL, 9),
('52-5735024', 106, NULL, 13),
('53-6948800', 107, NULL, 7),
('54-6428980', 108, NULL, 8),
('54-7904459', 109, NULL, 5),
('54-8296596', 110, NULL, 2),
('55-4384947', 111, NULL, 5),
('55-5908272', 112, NULL, 5),
('55-6072477', 113, NULL, 11),
('55-9616651', 114, NULL, 7),
('55-9770243', 115, NULL, 14),
('56-4309508', 116, NULL, 6),
('56-7734821', 117, NULL, 14),
('57-1609142', 118, NULL, 9),
('57-2548391', 119, NULL, 15),
('57-4162757', 120, NULL, 4),
('58-2471319', 121, NULL, 3),
('58-5912504', 122, NULL, 3),
('59-0997098', 123, NULL, 3),
('59-1166943', 124, NULL, 7),
('59-2576093', 125, NULL, 9),
('59-4684006', 126, NULL, 10),
('59-6274425', 127, NULL, 7),
('59-8314806', 128, NULL, 2),
('60-1691051', 129, NULL, 3),
('60-2276889', 130, NULL, 11),
('60-6270362', 131, NULL, 12),
('60-9203590', 132, NULL, 11),
('62-4020686', 133, NULL, 3),
('62-4959178', 134, NULL, 11),
('62-6894804', 135, NULL, 15),
('63-0638100', 136, NULL, 11),
('63-1545651', 137, NULL, 11),
('63-2539882', 138, NULL, 4),
('63-5722038', 139, NULL, 2),
('63-9446221', 140, NULL, 10),
('64-0621633', 141, NULL, 14),
('64-0636526', 142, NULL, 8),
('64-6729020', 143, NULL, 11),
('64-6879023', 144, NULL, 15),
('65-7661186', 145, NULL, 12),
('67-4076527', 146, NULL, 16),
('67-6903314', 147, NULL, 11),
('68-3172017', 148, NULL, 8),
('68-4171892', 149, NULL, 6),
('68-7037451', 150, NULL, 3),
('68-7096348', 151, NULL, 12),
('69-0393201', 152, NULL, 6),
('69-0536291', 153, NULL, 6),
('69-3965258', 154, NULL, 11),
('69-5925327', 155, NULL, 7),
('69-6968657', 156, NULL, 14),
('71-4783541', 157, NULL, 4),
('71-7374760', 158, NULL, 8),
('72-2448628', 159, NULL, 11),
('72-3040567', 160, NULL, 1),
('72-3549258', 161, NULL, 16),
('72-5913162', 162, NULL, 14),
('72-9328783', 163, NULL, 6),
('75-0124112', 164, NULL, 3),
('75-0131682', 165, NULL, 10),
('75-0328049', 166, NULL, 10),
('75-8250680', 167, NULL, 5),
('76-4036199', 168, NULL, 9),
('76-4940799', 169, NULL, 12),
('77-1835914', 170, NULL, 3),
('77-5748543', 171, NULL, 9),
('78-9623211', 172, NULL, 3),
('79-1576734', 173, NULL, 3),
('79-5517945', 174, NULL, 6),
('80-3234805', 175, NULL, 3),
('80-6524018', 176, NULL, 12),
('81-7038918', 177, NULL, 6),
('83-1009344', 178, NULL, 7),
('83-3514873', 179, NULL, 2),
('83-5537250', 180, NULL, 4),
('83-6435523', 181, NULL, 12),
('83-7810679', 182, NULL, 2),
('85-4557957', 183, NULL, 3),
('85-7355238', 184, NULL, 6),
('86-5274202', 185, NULL, 7),
('87-1470903', 186, NULL, 2),
('87-8745898', 187, NULL, 15),
('87-8762204', 188, NULL, 10),
('88-4435308', 189, NULL, 1),
('89-0022888', 190, NULL, 8),
('89-1889473', 191, NULL, 4),
('89-5714177', 192, NULL, 11),
('90-0686303', 193, NULL, 12),
('90-1403954', 194, NULL, 9),
('90-9258513', 195, NULL, 8),
('93-5928498', 196, NULL, 14),
('95-3517999', 197, NULL, 15),
('95-7092127', 198, NULL, 15),
('96-0987852', 199, NULL, 2),
('97-5558458', 200, NULL, 7),
('98-9650752', 201, NULL, 14),
('99-0222188', 202, NULL, 3),
('99-4988360', 203, NULL, 2);

-- --------------------------------------------------------

--
-- Table structure for table `Product`
--

CREATE TABLE `Product` (
  `product_ID` varchar(20) COLLATE utf8_unicode_ci NOT NULL,
  `warehouse_ID` varchar(20) COLLATE utf8_unicode_ci DEFAULT NULL,
  `quantity` int DEFAULT NULL,
  `product_description` varchar(20) COLLATE utf8_unicode_ci DEFAULT NULL,
  `price` int DEFAULT NULL,
  `product_name` varchar(20) COLLATE utf8_unicode_ci DEFAULT NULL
) ENGINE=InnoDB DEFAULT CHARSET=utf8mb3 COLLATE=utf8_unicode_ci;

-- --------------------------------------------------------

--
-- Table structure for table `Route`
--

CREATE TABLE `Route` (
  `route_ID` varchar(20) COLLATE utf8_unicode_ci NOT NULL,
  `route_start_location` varchar(20) COLLATE utf8_unicode_ci DEFAULT NULL,
  `route_end_location` varchar(20) COLLATE utf8_unicode_ci DEFAULT NULL,
  `arrival_time` time DEFAULT NULL,
  `stop_locations` varchar(20) COLLATE utf8_unicode_ci DEFAULT NULL
) ENGINE=InnoDB DEFAULT CHARSET=utf8mb3 COLLATE=utf8_unicode_ci;

-- --------------------------------------------------------

--
-- Table structure for table `Route_stops`
--

CREATE TABLE `Route_stops` (
  `stop_locations` varchar(20) COLLATE utf8_unicode_ci NOT NULL,
  `time_at_stop` time DEFAULT NULL
) ENGINE=InnoDB DEFAULT CHARSET=utf8mb3 COLLATE=utf8_unicode_ci;

-- --------------------------------------------------------

--
-- Table structure for table `Terminated_Contract`
--

CREATE TABLE `Terminated_Contract` (
  `deleted_emp_id` varchar(20) CHARACTER SET utf8 COLLATE utf8_unicode_ci DEFAULT NULL,
  `date_of_deletion` date DEFAULT NULL,
  `time_of_deletion` time DEFAULT NULL,
  `emp_incharge` varchar(20) CHARACTER SET utf8 COLLATE utf8_unicode_ci DEFAULT NULL
) ENGINE=InnoDB DEFAULT CHARSET=utf8mb3 COLLATE=utf8_unicode_ci;

--
-- Dumping data for table `Terminated_Contract`
--

INSERT INTO `Terminated_Contract` (`deleted_emp_id`, `date_of_deletion`, `time_of_deletion`, `emp_incharge`) VALUES
('2', '2022-12-01', '23:49:18', NULL),
('3', '2022-12-01', '23:57:24', NULL),
(NULL, NULL, NULL, ''),
('4', '2022-12-02', '00:03:58', NULL),
('1', '2022-12-02', '00:04:39', NULL),
(NULL, NULL, NULL, ''),
('2', '2022-12-02', '00:07:35', NULL),
('2', '2022-12-02', '00:22:51', ''),
('2', '2022-12-02', '00:27:39', ''),
('1', '2022-12-02', '00:32:08', ''),
('2', '2022-12-02', '00:36:12', ''),
('2', '2022-12-02', '00:41:36', ''),
('2', '2022-12-02', '00:48:59', ''),
('2', '2022-12-02', '00:55:25', 'emm_incharge'),
('2', '2022-12-02', '01:11:29', ''),
('2', '2022-12-02', '01:25:48', ''),
('2', '2022-12-02', '01:35:58', '3'),
('3', '2022-12-02', '02:29:51', '3'),
('1', '2022-12-02', '06:01:18', '2'),
('2', '2022-12-02', '06:04:55', '2'),
('00-4334715', '2022-12-02', '06:07:32', '01-5576008'),
('1', '2022-12-02', '06:09:40', '2'),
('2', '2022-12-02', '06:13:44', '2'),
('1', '2022-12-02', '06:16:33', '2'),
('2', '2022-12-02', '06:21:48', '2'),
('1', '2022-12-02', '06:25:08', '2'),
('2', '2022-12-02', '06:25:36', '01-5576008'),
('1', '2022-12-02', '06:38:08', '2'),
('2', '2022-12-02', '06:38:32', '01-6146269'),
('01-5576008', '2022-12-02', '06:53:28', '01-6146269'),
('01-6146269', '2022-12-02', '06:53:28', '01-6146269'),
('01-9065592', '2022-12-02', '06:53:28', '01-6146269'),
('01-9983285', '2022-12-02', '06:53:28', '01-6146269'),
('02-1151200', '2022-12-02', '06:53:28', '01-6146269'),
('02-4109274', '2022-12-02', '06:53:28', '01-6146269'),
('02-6214516', '2022-12-02', '06:53:28', '01-6146269'),
('02-9566746', '2022-12-02', '06:53:28', '01-6146269'),
('03-2826761', '2022-12-02', '06:53:28', '01-6146269'),
('03-3544565', '2022-12-02', '06:53:28', '01-6146269'),
('04-1386775', '2022-12-02', '06:53:28', '01-6146269'),
('04-2608361', '2022-12-02', '06:53:28', '01-6146269'),
('04-2758260', '2022-12-02', '06:53:28', '01-6146269'),
('04-2798023', '2022-12-02', '06:53:28', '01-6146269'),
('05-1128789', '2022-12-02', '06:53:28', '01-6146269'),
('05-1945849', '2022-12-02', '06:53:28', '01-6146269'),
('05-3647243', '2022-12-02', '06:53:28', '01-6146269'),
('05-5059849', '2022-12-02', '06:53:28', '01-6146269'),
('05-5646283', '2022-12-02', '06:53:28', '01-6146269'),
('05-9682452', '2022-12-02', '06:53:28', '01-6146269'),
('06-0280761', '2022-12-02', '06:53:28', '01-6146269'),
('06-2857563', '2022-12-02', '06:53:28', '01-6146269'),
('06-3396053', '2022-12-02', '06:53:28', '01-6146269'),
('06-3776558', '2022-12-02', '06:53:28', '01-6146269'),
('06-3850682', '2022-12-02', '06:53:28', '01-6146269'),
('06-7381402', '2022-12-02', '06:53:28', '01-6146269'),
('06-9710935', '2022-12-02', '06:53:28', '01-6146269'),
('07-4517183', '2022-12-02', '06:53:28', '01-6146269'),
('07-4724394', '2022-12-02', '06:53:28', '01-6146269'),
('08-4428147', '2022-12-02', '06:53:28', '01-6146269'),
('08-5459846', '2022-12-02', '06:53:28', '01-6146269'),
('08-7213723', '2022-12-02', '06:53:28', '01-6146269'),
('09-2857613', '2022-12-02', '06:53:28', '01-6146269'),
('09-4017521', '2022-12-02', '06:53:28', '01-6146269'),
('09-4856118', '2022-12-02', '06:53:28', '01-6146269'),
('09-8147999', '2022-12-02', '06:53:28', '01-6146269'),
('10-1743239', '2022-12-02', '06:53:28', '01-6146269'),
('10-4168432', '2022-12-02', '06:53:28', '01-6146269'),
('10-6127924', '2022-12-02', '06:53:28', '01-6146269'),
('10-6321236', '2022-12-02', '06:53:28', '01-6146269'),
('10-6680137', '2022-12-02', '06:53:28', '01-6146269'),
('10-8148353', '2022-12-02', '06:53:28', '01-6146269'),
('10-9736161', '2022-12-02', '06:53:28', '01-6146269'),
('11-0990160', '2022-12-02', '06:53:28', '01-6146269'),
('11-4556284', '2022-12-02', '06:53:28', '01-6146269'),
('11-5411031', '2022-12-02', '06:53:28', '01-6146269'),
('11-6489646', '2022-12-02', '06:53:28', '01-6146269'),
('11-9162644', '2022-12-02', '06:53:28', '01-6146269'),
('12-0104092', '2022-12-02', '06:53:28', '01-6146269'),
('12-5128654', '2022-12-02', '06:53:28', '01-6146269'),
('12-6888959', '2022-12-02', '06:53:28', '01-6146269'),
('12-8760096', '2022-12-02', '06:53:28', '01-6146269'),
('13-8722134', '2022-12-02', '06:53:28', '01-6146269'),
('13-9234597', '2022-12-02', '06:53:28', '01-6146269'),
('14-0432288', '2022-12-02', '06:53:28', '01-6146269'),
('14-1209073', '2022-12-02', '06:53:28', '01-6146269'),
('14-2911172', '2022-12-02', '06:53:28', '01-6146269'),
('14-4001908', '2022-12-02', '06:53:28', '01-6146269'),
('14-6532726', '2022-12-02', '06:53:28', '01-6146269'),
('14-9076003', '2022-12-02', '06:53:28', '01-6146269'),
('15-4783339', '2022-12-02', '06:53:28', '01-6146269'),
('15-5837614', '2022-12-02', '06:53:28', '01-6146269'),
('15-6949928', '2022-12-02', '06:53:28', '01-6146269'),
('16-0283796', '2022-12-02', '06:53:28', '01-6146269'),
('16-1242322', '2022-12-02', '06:53:28', '01-6146269'),
('17-1342407', '2022-12-02', '06:53:28', '01-6146269'),
('17-1925809', '2022-12-02', '06:53:28', '01-6146269'),
('17-3967296', '2022-12-02', '06:53:28', '01-6146269'),
('17-5831110', '2022-12-02', '06:53:28', '01-6146269'),
('18-0534773', '2022-12-02', '06:53:28', '01-6146269'),
('18-3863597', '2022-12-02', '06:53:28', '01-6146269'),
('18-3911956', '2022-12-02', '06:53:28', '01-6146269'),
('18-6142811', '2022-12-02', '06:53:28', '01-6146269'),
('18-9171336', '2022-12-02', '06:53:28', '01-6146269'),
('19-0713712', '2022-12-02', '06:53:28', '01-6146269'),
('19-1079892', '2022-12-02', '06:53:28', '01-6146269'),
('19-1277494', '2022-12-02', '06:53:28', '01-6146269'),
('19-6732633', '2022-12-02', '06:53:28', '01-6146269'),
('20-2758343', '2022-12-02', '06:53:28', '01-6146269'),
('20-3044693', '2022-12-02', '06:53:28', '01-6146269'),
('20-5440287', '2022-12-02', '06:53:28', '01-6146269'),
('20-6300983', '2022-12-02', '06:53:28', '01-6146269'),
('20-7194686', '2022-12-02', '06:53:28', '01-6146269'),
('20-7886428', '2022-12-02', '06:53:28', '01-6146269'),
('20-9516100', '2022-12-02', '06:53:28', '01-6146269'),
('21-1787461', '2022-12-02', '06:53:28', '01-6146269'),
('21-2689388', '2022-12-02', '06:53:28', '01-6146269'),
('21-3155551', '2022-12-02', '06:53:28', '01-6146269'),
('21-4089887', '2022-12-02', '06:53:28', '01-6146269'),
('22-0788973', '2022-12-02', '06:53:28', '01-6146269'),
('22-2051613', '2022-12-02', '06:53:28', '01-6146269'),
('22-3052971', '2022-12-02', '06:53:28', '01-6146269'),
('22-3708071', '2022-12-02', '06:53:28', '01-6146269'),
('22-6627032', '2022-12-02', '06:53:28', '01-6146269'),
('22-7191567', '2022-12-02', '06:53:28', '01-6146269'),
('22-9529013', '2022-12-02', '06:53:28', '01-6146269'),
('24-4585192', '2022-12-02', '06:53:28', '01-6146269'),
('24-4677621', '2022-12-02', '06:53:28', '01-6146269'),
('24-6851371', '2022-12-02', '06:53:28', '01-6146269'),
('24-9067553', '2022-12-02', '06:53:28', '01-6146269'),
('24-9840403', '2022-12-02', '06:53:28', '01-6146269'),
('25-4103329', '2022-12-02', '06:53:28', '01-6146269'),
('25-6187206', '2022-12-02', '06:53:28', '01-6146269'),
('25-9736142', '2022-12-02', '06:53:28', '01-6146269'),
('26-0938951', '2022-12-02', '06:53:28', '01-6146269'),
('26-3324931', '2022-12-02', '06:53:28', '01-6146269'),
('26-9050326', '2022-12-02', '06:53:28', '01-6146269'),
('27-1540713', '2022-12-02', '06:53:28', '01-6146269'),
('27-8037561', '2022-12-02', '06:53:28', '01-6146269'),
('27-8094243', '2022-12-02', '06:53:28', '01-6146269'),
('27-8387260', '2022-12-02', '06:53:28', '01-6146269'),
('28-4979315', '2022-12-02', '06:53:28', '01-6146269'),
('28-7012669', '2022-12-02', '06:53:28', '01-6146269'),
('28-7818998', '2022-12-02', '06:53:28', '01-6146269'),
('29-2364794', '2022-12-02', '06:53:28', '01-6146269'),
('29-2785103', '2022-12-02', '06:53:28', '01-6146269'),
('29-5105992', '2022-12-02', '06:53:28', '01-6146269'),
('29-5209106', '2022-12-02', '06:53:28', '01-6146269'),
('29-6350132', '2022-12-02', '06:53:28', '01-6146269'),
('29-6571924', '2022-12-02', '06:53:28', '01-6146269'),
('29-6656577', '2022-12-02', '06:53:28', '01-6146269'),
('29-7832408', '2022-12-02', '06:53:28', '01-6146269'),
('30-1322103', '2022-12-02', '06:53:28', '01-6146269'),
('30-2374884', '2022-12-02', '06:53:28', '01-6146269'),
('30-3058947', '2022-12-02', '06:53:28', '01-6146269'),
('30-7334418', '2022-12-02', '06:53:28', '01-6146269'),
('30-8456021', '2022-12-02', '06:53:28', '01-6146269'),
('30-8953969', '2022-12-02', '06:53:28', '01-6146269'),
('31-5831645', '2022-12-02', '06:53:28', '01-6146269'),
('31-7111614', '2022-12-02', '06:53:28', '01-6146269'),
('31-7167962', '2022-12-02', '06:53:28', '01-6146269'),
('31-8312411', '2022-12-02', '06:53:28', '01-6146269'),
('31-9709677', '2022-12-02', '06:53:28', '01-6146269'),
('32-3604971', '2022-12-02', '06:53:28', '01-6146269'),
('32-4834306', '2022-12-02', '06:53:28', '01-6146269'),
('32-6251861', '2022-12-02', '06:53:28', '01-6146269'),
('33-0071114', '2022-12-02', '06:53:28', '01-6146269'),
('33-0489054', '2022-12-02', '06:53:28', '01-6146269'),
('33-1261585', '2022-12-02', '06:53:28', '01-6146269'),
('33-1897506', '2022-12-02', '06:53:28', '01-6146269'),
('33-5159037', '2022-12-02', '06:53:28', '01-6146269'),
('33-7183053', '2022-12-02', '06:53:28', '01-6146269'),
('33-7614004', '2022-12-02', '06:53:28', '01-6146269'),
('34-2543597', '2022-12-02', '06:53:28', '01-6146269'),
('34-2817296', '2022-12-02', '06:53:28', '01-6146269'),
('34-4740678', '2022-12-02', '06:53:28', '01-6146269'),
('34-8601206', '2022-12-02', '06:53:28', '01-6146269'),
('34-8695852', '2022-12-02', '06:53:28', '01-6146269'),
('35-2689059', '2022-12-02', '06:53:28', '01-6146269'),
('35-6685131', '2022-12-02', '06:53:28', '01-6146269'),
('35-7212754', '2022-12-02', '06:53:28', '01-6146269'),
('35-8208617', '2022-12-02', '06:53:28', '01-6146269'),
('36-1132600', '2022-12-02', '06:53:28', '01-6146269'),
('36-1480567', '2022-12-02', '06:53:28', '01-6146269'),
('36-4190617', '2022-12-02', '06:53:28', '01-6146269'),
('36-4580826', '2022-12-02', '06:53:28', '01-6146269'),
('36-6348131', '2022-12-02', '06:53:28', '01-6146269'),
('36-6943031', '2022-12-02', '06:53:28', '01-6146269'),
('36-7073092', '2022-12-02', '06:53:28', '01-6146269'),
('37-0478226', '2022-12-02', '06:53:28', '01-6146269'),
('37-1673392', '2022-12-02', '06:53:28', '01-6146269'),
('37-6605556', '2022-12-02', '06:53:28', '01-6146269'),
('37-7900056', '2022-12-02', '06:53:28', '01-6146269'),
('37-8247167', '2022-12-02', '06:53:28', '01-6146269'),
('38-0609594', '2022-12-02', '06:53:28', '01-6146269'),
('38-1272080', '2022-12-02', '06:53:28', '01-6146269'),
('38-1884801', '2022-12-02', '06:53:28', '01-6146269'),
('38-2126707', '2022-12-02', '06:53:28', '01-6146269'),
('38-3647372', '2022-12-02', '06:53:28', '01-6146269'),
('38-4369228', '2022-12-02', '06:53:28', '01-6146269'),
('38-5473326', '2022-12-02', '06:53:28', '01-6146269'),
('38-8885296', '2022-12-02', '06:53:28', '01-6146269'),
('38-9798664', '2022-12-02', '06:53:28', '01-6146269'),
('39-1227728', '2022-12-02', '06:53:28', '01-6146269'),
('39-4788866', '2022-12-02', '06:53:28', '01-6146269'),
('40-0786243', '2022-12-02', '06:53:28', '01-6146269'),
('40-1037983', '2022-12-02', '06:53:28', '01-6146269'),
('40-1136806', '2022-12-02', '06:53:28', '01-6146269'),
('40-2208062', '2022-12-02', '06:53:28', '01-6146269'),
('40-5288701', '2022-12-02', '06:53:28', '01-6146269'),
('40-6943405', '2022-12-02', '06:53:28', '01-6146269'),
('41-1429269', '2022-12-02', '06:53:28', '01-6146269'),
('41-3216938', '2022-12-02', '06:53:28', '01-6146269'),
('41-3268639', '2022-12-02', '06:53:28', '01-6146269'),
('41-3659990', '2022-12-02', '06:53:28', '01-6146269'),
('41-3975053', '2022-12-02', '06:53:28', '01-6146269'),
('41-6555988', '2022-12-02', '06:53:28', '01-6146269'),
('41-9319442', '2022-12-02', '06:53:28', '01-6146269'),
('41-9645109', '2022-12-02', '06:53:28', '01-6146269'),
('42-0131259', '2022-12-02', '06:53:28', '01-6146269'),
('42-0717807', '2022-12-02', '06:53:28', '01-6146269'),
('42-1134854', '2022-12-02', '06:53:28', '01-6146269'),
('42-2072103', '2022-12-02', '06:53:28', '01-6146269'),
('42-5263028', '2022-12-02', '06:53:28', '01-6146269'),
('42-7011523', '2022-12-02', '06:53:28', '01-6146269'),
('42-7240015', '2022-12-02', '06:53:28', '01-6146269'),
('42-8848918', '2022-12-02', '06:53:28', '01-6146269'),
('43-2037577', '2022-12-02', '06:53:28', '01-6146269'),
('43-6568300', '2022-12-02', '06:53:28', '01-6146269'),
('43-7385696', '2022-12-02', '06:53:28', '01-6146269'),
('43-8492699', '2022-12-02', '06:53:28', '01-6146269'),
('44-1072008', '2022-12-02', '06:53:28', '01-6146269'),
('44-4915402', '2022-12-02', '06:53:28', '01-6146269'),
('44-7083318', '2022-12-02', '06:53:28', '01-6146269'),
('45-1060690', '2022-12-02', '06:53:28', '01-6146269'),
('45-1168337', '2022-12-02', '06:53:28', '01-6146269'),
('45-2811300', '2022-12-02', '06:53:28', '01-6146269'),
('45-3804689', '2022-12-02', '06:53:28', '01-6146269'),
('45-3951342', '2022-12-02', '06:53:28', '01-6146269'),
('45-5773014', '2022-12-02', '06:53:28', '01-6146269'),
('45-6995640', '2022-12-02', '06:53:28', '01-6146269'),
('45-7500187', '2022-12-02', '06:53:28', '01-6146269'),
('46-0059406', '2022-12-02', '06:53:28', '01-6146269'),
('46-2600043', '2022-12-02', '06:53:28', '01-6146269'),
('46-4344763', '2022-12-02', '06:53:28', '01-6146269'),
('47-1387266', '2022-12-02', '06:53:28', '01-6146269'),
('47-3147567', '2022-12-02', '06:53:28', '01-6146269'),
('47-5302795', '2022-12-02', '06:53:28', '01-6146269'),
('48-1799687', '2022-12-02', '06:53:28', '01-6146269'),
('48-5840838', '2022-12-02', '06:53:28', '01-6146269'),
('48-9328765', '2022-12-02', '06:53:28', '01-6146269'),
('49-1036239', '2022-12-02', '06:53:28', '01-6146269'),
('49-1159362', '2022-12-02', '06:53:28', '01-6146269'),
('49-1457327', '2022-12-02', '06:53:28', '01-6146269'),
('49-2217652', '2022-12-02', '06:53:28', '01-6146269'),
('49-5299749', '2022-12-02', '06:53:28', '01-6146269'),
('49-6102253', '2022-12-02', '06:53:28', '01-6146269'),
('49-9705882', '2022-12-02', '06:53:28', '01-6146269'),
('50-0945563', '2022-12-02', '06:53:28', '01-6146269'),
('50-5810953', '2022-12-02', '06:53:28', '01-6146269'),
('50-6111855', '2022-12-02', '06:53:28', '01-6146269'),
('50-7117246', '2022-12-02', '06:53:28', '01-6146269'),
('50-9092071', '2022-12-02', '06:53:28', '01-6146269'),
('51-0122715', '2022-12-02', '06:53:28', '01-6146269'),
('51-6967096', '2022-12-02', '06:53:28', '01-6146269'),
('51-7315582', '2022-12-02', '06:53:28', '01-6146269'),
('51-7472749', '2022-12-02', '06:53:28', '01-6146269'),
('51-9601829', '2022-12-02', '06:53:28', '01-6146269'),
('52-0404205', '2022-12-02', '06:53:28', '01-6146269'),
('52-1336694', '2022-12-02', '06:53:28', '01-6146269'),
('52-4567561', '2022-12-02', '06:53:28', '01-6146269'),
('52-4726377', '2022-12-02', '06:53:28', '01-6146269'),
('52-5735024', '2022-12-02', '06:53:28', '01-6146269'),
('52-6674444', '2022-12-02', '06:53:28', '01-6146269'),
('53-0431396', '2022-12-02', '06:53:28', '01-6146269'),
('53-5630368', '2022-12-02', '06:53:28', '01-6146269'),
('53-6948800', '2022-12-02', '06:53:28', '01-6146269'),
('53-7191465', '2022-12-02', '06:53:28', '01-6146269'),
('53-9062912', '2022-12-02', '06:53:28', '01-6146269'),
('54-1117411', '2022-12-02', '06:53:28', '01-6146269'),
('54-5318903', '2022-12-02', '06:53:28', '01-6146269'),
('54-6428980', '2022-12-02', '06:53:28', '01-6146269'),
('54-7676865', '2022-12-02', '06:53:28', '01-6146269'),
('54-7904459', '2022-12-02', '06:53:28', '01-6146269'),
('54-8296596', '2022-12-02', '06:53:28', '01-6146269'),
('54-9522118', '2022-12-02', '06:53:28', '01-6146269'),
('55-0320348', '2022-12-02', '06:53:28', '01-6146269'),
('55-3650046', '2022-12-02', '06:53:28', '01-6146269'),
('55-4384947', '2022-12-02', '06:53:28', '01-6146269'),
('55-5908272', '2022-12-02', '06:53:28', '01-6146269'),
('55-6072477', '2022-12-02', '06:53:28', '01-6146269'),
('55-9616651', '2022-12-02', '06:53:28', '01-6146269'),
('55-9770243', '2022-12-02', '06:53:28', '01-6146269'),
('56-0484045', '2022-12-02', '06:53:28', '01-6146269'),
('56-3682739', '2022-12-02', '06:53:28', '01-6146269'),
('56-4309508', '2022-12-02', '06:53:28', '01-6146269'),
('56-7734821', '2022-12-02', '06:53:28', '01-6146269'),
('57-1609142', '2022-12-02', '06:53:28', '01-6146269'),
('57-2548391', '2022-12-02', '06:53:28', '01-6146269'),
('57-4162757', '2022-12-02', '06:53:28', '01-6146269'),
('57-7596762', '2022-12-02', '06:53:28', '01-6146269'),
('58-0128736', '2022-12-02', '06:53:28', '01-6146269'),
('58-0824770', '2022-12-02', '06:53:28', '01-6146269'),
('58-2471319', '2022-12-02', '06:53:28', '01-6146269'),
('58-5912504', '2022-12-02', '06:53:28', '01-6146269'),
('58-8249246', '2022-12-02', '06:53:28', '01-6146269'),
('58-8390431', '2022-12-02', '06:53:28', '01-6146269'),
('59-0150604', '2022-12-02', '06:53:28', '01-6146269'),
('59-0997098', '2022-12-02', '06:53:28', '01-6146269'),
('59-1166943', '2022-12-02', '06:53:28', '01-6146269'),
('59-2576093', '2022-12-02', '06:53:28', '01-6146269'),
('59-4661298', '2022-12-02', '06:53:28', '01-6146269'),
('59-4684006', '2022-12-02', '06:53:28', '01-6146269'),
('59-5937939', '2022-12-02', '06:53:28', '01-6146269'),
('59-6274425', '2022-12-02', '06:53:28', '01-6146269'),
('59-8314806', '2022-12-02', '06:53:28', '01-6146269'),
('59-8381667', '2022-12-02', '06:53:28', '01-6146269'),
('60-0655971', '2022-12-02', '06:53:28', '01-6146269'),
('60-1691051', '2022-12-02', '06:53:28', '01-6146269'),
('60-2276889', '2022-12-02', '06:53:28', '01-6146269'),
('60-3158201', '2022-12-02', '06:53:28', '01-6146269'),
('60-6270362', '2022-12-02', '06:53:28', '01-6146269'),
('60-6428015', '2022-12-02', '06:53:28', '01-6146269'),
('60-7601093', '2022-12-02', '06:53:28', '01-6146269'),
('60-9203590', '2022-12-02', '06:53:28', '01-6146269'),
('61-7469906', '2022-12-02', '06:53:28', '01-6146269'),
('61-9391449', '2022-12-02', '06:53:28', '01-6146269'),
('62-1957072', '2022-12-02', '06:53:28', '01-6146269'),
('62-2186332', '2022-12-02', '06:53:28', '01-6146269'),
('62-4020686', '2022-12-02', '06:53:28', '01-6146269'),
('62-4959178', '2022-12-02', '06:53:28', '01-6146269'),
('62-6726896', '2022-12-02', '06:53:28', '01-6146269'),
('62-6894804', '2022-12-02', '06:53:28', '01-6146269'),
('62-7019089', '2022-12-02', '06:53:28', '01-6146269'),
('62-7120162', '2022-12-02', '06:53:28', '01-6146269'),
('63-0638100', '2022-12-02', '06:53:28', '01-6146269'),
('63-1545651', '2022-12-02', '06:53:28', '01-6146269'),
('63-1925261', '2022-12-02', '06:53:28', '01-6146269'),
('63-2539882', '2022-12-02', '06:53:28', '01-6146269'),
('63-5722038', '2022-12-02', '06:53:28', '01-6146269'),
('63-6111701', '2022-12-02', '06:53:28', '01-6146269'),
('63-8802366', '2022-12-02', '06:53:28', '01-6146269'),
('63-9116461', '2022-12-02', '06:53:28', '01-6146269'),
('63-9446221', '2022-12-02', '06:53:28', '01-6146269'),
('64-0621633', '2022-12-02', '06:53:28', '01-6146269'),
('64-0636526', '2022-12-02', '06:53:28', '01-6146269'),
('64-6729020', '2022-12-02', '06:53:28', '01-6146269'),
('64-6879023', '2022-12-02', '06:53:28', '01-6146269'),
('65-1738561', '2022-12-02', '06:53:28', '01-6146269'),
('65-7661186', '2022-12-02', '06:53:28', '01-6146269'),
('66-0739491', '2022-12-02', '06:53:28', '01-6146269'),
('66-1883695', '2022-12-02', '06:53:28', '01-6146269'),
('66-2361006', '2022-12-02', '06:53:28', '01-6146269'),
('66-2522703', '2022-12-02', '06:53:28', '01-6146269'),
('66-2765926', '2022-12-02', '06:53:28', '01-6146269'),
('66-5805863', '2022-12-02', '06:53:28', '01-6146269'),
('66-7576883', '2022-12-02', '06:53:28', '01-6146269'),
('67-4076527', '2022-12-02', '06:53:28', '01-6146269'),
('67-5029558', '2022-12-02', '06:53:28', '01-6146269'),
('67-5304822', '2022-12-02', '06:53:28', '01-6146269'),
('67-6284946', '2022-12-02', '06:53:28', '01-6146269'),
('67-6903314', '2022-12-02', '06:53:28', '01-6146269'),
('67-7636850', '2022-12-02', '06:53:28', '01-6146269'),
('68-3132421', '2022-12-02', '06:53:28', '01-6146269'),
('68-3172017', '2022-12-02', '06:53:28', '01-6146269'),
('68-4171892', '2022-12-02', '06:53:28', '01-6146269'),
('68-5871521', '2022-12-02', '06:53:28', '01-6146269'),
('68-6940299', '2022-12-02', '06:53:28', '01-6146269'),
('68-7037451', '2022-12-02', '06:53:28', '01-6146269'),
('68-7096348', '2022-12-02', '06:53:28', '01-6146269'),
('68-7504033', '2022-12-02', '06:53:28', '01-6146269'),
('68-8976238', '2022-12-02', '06:53:28', '01-6146269'),
('69-0393201', '2022-12-02', '06:53:28', '01-6146269'),
('69-0536291', '2022-12-02', '06:53:28', '01-6146269'),
('69-0803348', '2022-12-02', '06:53:28', '01-6146269'),
('69-3965258', '2022-12-02', '06:53:28', '01-6146269'),
('69-5458568', '2022-12-02', '06:53:28', '01-6146269'),
('69-5925327', '2022-12-02', '06:53:28', '01-6146269'),
('69-6968657', '2022-12-02', '06:53:28', '01-6146269'),
('70-2965789', '2022-12-02', '06:53:28', '01-6146269'),
('70-4763276', '2022-12-02', '06:53:28', '01-6146269'),
('71-3652304', '2022-12-02', '06:53:28', '01-6146269'),
('71-4783541', '2022-12-02', '06:53:28', '01-6146269'),
('71-7374760', '2022-12-02', '06:53:28', '01-6146269'),
('71-7837650', '2022-12-02', '06:53:28', '01-6146269'),
('72-0413596', '2022-12-02', '06:53:28', '01-6146269'),
('72-2448628', '2022-12-02', '06:53:28', '01-6146269'),
('72-3040567', '2022-12-02', '06:53:28', '01-6146269'),
('72-3549258', '2022-12-02', '06:53:28', '01-6146269'),
('72-5913162', '2022-12-02', '06:53:28', '01-6146269'),
('72-6079643', '2022-12-02', '06:53:28', '01-6146269'),
('72-7823438', '2022-12-02', '06:53:28', '01-6146269'),
('72-9006336', '2022-12-02', '06:53:28', '01-6146269'),
('72-9328783', '2022-12-02', '06:53:28', '01-6146269'),
('73-2251057', '2022-12-02', '06:53:28', '01-6146269'),
('73-6200004', '2022-12-02', '06:53:28', '01-6146269'),
('73-7147493', '2022-12-02', '06:53:28', '01-6146269'),
('74-0303597', '2022-12-02', '06:53:28', '01-6146269'),
('74-9747670', '2022-12-02', '06:53:28', '01-6146269'),
('75-0124112', '2022-12-02', '06:53:28', '01-6146269'),
('75-0131682', '2022-12-02', '06:53:28', '01-6146269'),
('75-0328049', '2022-12-02', '06:53:28', '01-6146269'),
('75-0958781', '2022-12-02', '06:53:28', '01-6146269'),
('75-1340477', '2022-12-02', '06:53:28', '01-6146269'),
('75-6520267', '2022-12-02', '06:53:28', '01-6146269'),
('75-6891165', '2022-12-02', '06:53:28', '01-6146269'),
('75-8250680', '2022-12-02', '06:53:28', '01-6146269'),
('75-9134355', '2022-12-02', '06:53:28', '01-6146269'),
('76-0000021', '2022-12-02', '06:53:28', '01-6146269'),
('76-0099650', '2022-12-02', '06:53:28', '01-6146269'),
('76-2727093', '2022-12-02', '06:53:28', '01-6146269'),
('76-2985832', '2022-12-02', '06:53:28', '01-6146269'),
('76-3367992', '2022-12-02', '06:53:28', '01-6146269'),
('76-4036199', '2022-12-02', '06:53:28', '01-6146269'),
('76-4086283', '2022-12-02', '06:53:28', '01-6146269'),
('76-4940799', '2022-12-02', '06:53:28', '01-6146269'),
('76-8791360', '2022-12-02', '06:53:28', '01-6146269'),
('77-1835914', '2022-12-02', '06:53:28', '01-6146269'),
('77-2348932', '2022-12-02', '06:53:28', '01-6146269'),
('77-5513461', '2022-12-02', '06:53:28', '01-6146269'),
('77-5748543', '2022-12-02', '06:53:28', '01-6146269'),
('77-6317806', '2022-12-02', '06:53:28', '01-6146269'),
('77-7401728', '2022-12-02', '06:53:28', '01-6146269'),
('77-8203719', '2022-12-02', '06:53:28', '01-6146269'),
('78-0380118', '2022-12-02', '06:53:28', '01-6146269'),
('78-1195027', '2022-12-02', '06:53:28', '01-6146269'),
('78-4344207', '2022-12-02', '06:53:28', '01-6146269'),
('78-6321379', '2022-12-02', '06:53:28', '01-6146269'),
('78-8816060', '2022-12-02', '06:53:28', '01-6146269'),
('78-9623211', '2022-12-02', '06:53:28', '01-6146269'),
('79-0464882', '2022-12-02', '06:53:28', '01-6146269'),
('79-1576734', '2022-12-02', '06:53:28', '01-6146269'),
('79-4798875', '2022-12-02', '06:53:28', '01-6146269'),
('79-5517945', '2022-12-02', '06:53:28', '01-6146269'),
('79-9536595', '2022-12-02', '06:53:28', '01-6146269'),
('80-3234805', '2022-12-02', '06:53:28', '01-6146269'),
('80-6524018', '2022-12-02', '06:53:28', '01-6146269'),
('80-7938995', '2022-12-02', '06:53:28', '01-6146269'),
('80-7941049', '2022-12-02', '06:53:28', '01-6146269'),
('80-8617080', '2022-12-02', '06:53:28', '01-6146269'),
('81-0188200', '2022-12-02', '06:53:28', '01-6146269'),
('81-2733835', '2022-12-02', '06:53:28', '01-6146269'),
('81-4865027', '2022-12-02', '06:53:28', '01-6146269'),
('81-5031235', '2022-12-02', '06:53:28', '01-6146269'),
('81-5228790', '2022-12-02', '06:53:28', '01-6146269'),
('81-7038918', '2022-12-02', '06:53:28', '01-6146269'),
('81-8060778', '2022-12-02', '06:53:28', '01-6146269'),
('82-1629865', '2022-12-02', '06:53:28', '01-6146269'),
('82-2609006', '2022-12-02', '06:53:28', '01-6146269'),
('82-2981878', '2022-12-02', '06:53:28', '01-6146269'),
('82-6558984', '2022-12-02', '06:53:28', '01-6146269'),
('82-9457047', '2022-12-02', '06:53:28', '01-6146269'),
('83-1009344', '2022-12-02', '06:53:28', '01-6146269'),
('83-1217063', '2022-12-02', '06:53:28', '01-6146269'),
('83-3514873', '2022-12-02', '06:53:28', '01-6146269'),
('83-4865660', '2022-12-02', '06:53:28', '01-6146269'),
('83-5537250', '2022-12-02', '06:53:28', '01-6146269'),
('83-6435523', '2022-12-02', '06:53:28', '01-6146269'),
('83-7810679', '2022-12-02', '06:53:28', '01-6146269'),
('84-0386773', '2022-12-02', '06:53:28', '01-6146269'),
('84-3457422', '2022-12-02', '06:53:28', '01-6146269'),
('84-3853067', '2022-12-02', '06:53:28', '01-6146269'),
('84-5153657', '2022-12-02', '06:53:28', '01-6146269'),
('84-8762859', '2022-12-02', '06:53:28', '01-6146269'),
('84-9275069', '2022-12-02', '06:53:28', '01-6146269'),
('85-0601601', '2022-12-02', '06:53:28', '01-6146269'),
('85-3334513', '2022-12-02', '06:53:28', '01-6146269'),
('85-4557957', '2022-12-02', '06:53:28', '01-6146269'),
('85-5431069', '2022-12-02', '06:53:28', '01-6146269'),
('85-7355238', '2022-12-02', '06:53:28', '01-6146269'),
('85-7718619', '2022-12-02', '06:53:28', '01-6146269'),
('86-1870935', '2022-12-02', '06:53:28', '01-6146269'),
('86-2503827', '2022-12-02', '06:53:28', '01-6146269'),
('86-5274202', '2022-12-02', '06:53:28', '01-6146269'),
('87-1470903', '2022-12-02', '06:53:28', '01-6146269'),
('87-1949652', '2022-12-02', '06:53:28', '01-6146269'),
('87-3376412', '2022-12-02', '06:53:28', '01-6146269'),
('87-4453963', '2022-12-02', '06:53:28', '01-6146269'),
('87-6633787', '2022-12-02', '06:53:28', '01-6146269'),
('87-7188668', '2022-12-02', '06:53:28', '01-6146269'),
('87-8002965', '2022-12-02', '06:53:28', '01-6146269'),
('87-8745898', '2022-12-02', '06:53:28', '01-6146269'),
('87-8762204', '2022-12-02', '06:53:28', '01-6146269'),
('88-4435308', '2022-12-02', '06:53:28', '01-6146269'),
('89-0022888', '2022-12-02', '06:53:28', '01-6146269'),
('89-1889473', '2022-12-02', '06:53:28', '01-6146269'),
('89-4176534', '2022-12-02', '06:53:28', '01-6146269'),
('89-4884561', '2022-12-02', '06:53:28', '01-6146269'),
('89-5714177', '2022-12-02', '06:53:28', '01-6146269'),
('89-6058656', '2022-12-02', '06:53:28', '01-6146269'),
('90-0686303', '2022-12-02', '06:53:28', '01-6146269'),
('90-1403954', '2022-12-02', '06:53:28', '01-6146269'),
('90-3945672', '2022-12-02', '06:53:28', '01-6146269'),
('90-5035577', '2022-12-02', '06:53:28', '01-6146269'),
('90-6409982', '2022-12-02', '06:53:28', '01-6146269'),
('90-9258513', '2022-12-02', '06:53:28', '01-6146269'),
('92-9480837', '2022-12-02', '06:53:28', '01-6146269'),
('92-9623071', '2022-12-02', '06:53:28', '01-6146269'),
('92-9715314', '2022-12-02', '06:53:28', '01-6146269'),
('93-0686984', '2022-12-02', '06:53:28', '01-6146269'),
('93-5661312', '2022-12-02', '06:53:28', '01-6146269'),
('93-5928498', '2022-12-02', '06:53:28', '01-6146269'),
('93-8667645', '2022-12-02', '06:53:28', '01-6146269'),
('94-4705277', '2022-12-02', '06:53:28', '01-6146269'),
('94-6907133', '2022-12-02', '06:53:28', '01-6146269'),
('95-1174328', '2022-12-02', '06:53:28', '01-6146269'),
('95-1790755', '2022-12-02', '06:53:28', '01-6146269'),
('95-3517999', '2022-12-02', '06:53:28', '01-6146269'),
('95-7092127', '2022-12-02', '06:53:28', '01-6146269'),
('96-0987852', '2022-12-02', '06:53:28', '01-6146269'),
('96-1648398', '2022-12-02', '06:53:28', '01-6146269'),
('97-0147786', '2022-12-02', '06:53:28', '01-6146269'),
('97-0913105', '2022-12-02', '06:53:28', '01-6146269'),
('97-3138911', '2022-12-02', '06:53:28', '01-6146269'),
('97-3703178', '2022-12-02', '06:53:28', '01-6146269'),
('97-4110845', '2022-12-02', '06:53:28', '01-6146269'),
('97-5558458', '2022-12-02', '06:53:28', '01-6146269'),
('97-5683996', '2022-12-02', '06:53:28', '01-6146269'),
('97-6528129', '2022-12-02', '06:53:28', '01-6146269'),
('97-9018441', '2022-12-02', '06:53:28', '01-6146269'),
('98-1678319', '2022-12-02', '06:53:28', '01-6146269'),
('98-3556505', '2022-12-02', '06:53:28', '01-6146269'),
('98-4762907', '2022-12-02', '06:53:28', '01-6146269'),
('98-9650752', '2022-12-02', '06:53:28', '01-6146269'),
('99-0222188', '2022-12-02', '06:53:28', '01-6146269'),
('99-1372878', '2022-12-02', '06:53:28', '01-6146269'),
('99-4615801', '2022-12-02', '06:53:28', '01-6146269'),
('99-4988360', '2022-12-02', '06:53:28', '01-6146269'),
('99-6209168', '2022-12-02', '06:53:28', '01-6146269'),
('1', '2022-12-03', '11:01:32', '01-6146269'),
('1-1', '2022-12-03', '11:17:46', '01-9983285'),
('55-3623151', '2022-12-03', '16:21:06', '00-4334715'),
('00-4334715', '2022-12-03', '16:38:25', '01-5576008'),
('01-5576008', '2022-12-03', '16:39:32', '00-4334715'),
('01-6146269', '2022-12-03', '16:45:10', '01-9065592'),
('01-9065592', '2022-12-03', '16:46:06', '01-9983285'),
('01-9983285', '2022-12-03', '17:40:24', '02-1151200'),
('02-1151200', '2022-12-03', '17:43:23', '02-4109274'),
('02-6214516', '2022-12-03', '17:43:59', '02-4109274'),
('02-9566746', '2022-12-03', '17:46:07', '02-4109274'),
('03-2826761', '2022-12-04', '09:21:22', '02-4109274');

-- --------------------------------------------------------

--
-- Table structure for table `Vehicles`
--

CREATE TABLE `Vehicles` (
  `vehicle_ID` varchar(20) COLLATE utf8_unicode_ci NOT NULL,
  `area` varchar(20) COLLATE utf8_unicode_ci DEFAULT NULL
) ENGINE=InnoDB DEFAULT CHARSET=utf8mb3 COLLATE=utf8_unicode_ci;

-- --------------------------------------------------------

--
-- Table structure for table `Warehouse`
--

CREATE TABLE `Warehouse` (
  `area_of_warehouse` varchar(20) COLLATE utf8_unicode_ci DEFAULT NULL,
  `warehouse_ID` varchar(20) COLLATE utf8_unicode_ci NOT NULL,
  `warehouse_size` varchar(20) COLLATE utf8_unicode_ci DEFAULT NULL,
  `warehouse_location` varchar(20) COLLATE utf8_unicode_ci DEFAULT NULL,
  `warehouse_purpose` varchar(20) COLLATE utf8_unicode_ci DEFAULT NULL,
  `area` varchar(20) COLLATE utf8_unicode_ci DEFAULT NULL
) ENGINE=InnoDB DEFAULT CHARSET=utf8mb3 COLLATE=utf8_unicode_ci;

--
-- Indexes for dumped tables
--

--
-- Indexes for table `Area`
--
ALTER TABLE `Area`
  ADD PRIMARY KEY (`area`);

--
-- Indexes for table `Complaint`
--
ALTER TABLE `Complaint`
  ADD PRIMARY KEY (`complaint_ID`),
  ADD KEY `customer_ID` (`customer_ID`);

--
-- Indexes for table `customer`
--
ALTER TABLE `customer`
  ADD PRIMARY KEY (`order_ID`,`customer_ID`) USING BTREE,
  ADD UNIQUE KEY `customer_ID` (`customer_ID`);

--
-- Indexes for table `Departments`
--
ALTER TABLE `Departments`
  ADD PRIMARY KEY (`department_name`) USING BTREE,
  ADD KEY `department_number` (`department_number`);

--
-- Indexes for table `Department_info`
--
ALTER TABLE `Department_info`
  ADD PRIMARY KEY (`department_number`);

--
-- Indexes for table `Drivers`
--
ALTER TABLE `Drivers`
  ADD PRIMARY KEY (`s_no.`),
  ADD KEY `employee_ID` (`employee_ID`),
  ADD KEY `warehouse_ID` (`warehouse_ID`),
  ADD KEY `vehicle_ID` (`vehicle_ID`),
  ADD KEY `route_ID` (`route_ID`);

--
-- Indexes for table `Emergency_Contact`
--
ALTER TABLE `Emergency_Contact`
  ADD PRIMARY KEY (`emergency_contact_ID`);

--
-- Indexes for table `Employee`
--
ALTER TABLE `Employee`
  ADD PRIMARY KEY (`employee_ID`),
  ADD KEY `emergency_contact_ID` (`emergency_contact_ID`),
  ADD KEY `NIN` (`NIN`);

--
-- Indexes for table `HR`
--
ALTER TABLE `HR`
  ADD PRIMARY KEY (`s_no.`),
  ADD KEY `employee_ID` (`employee_ID`),
  ADD KEY `office_Location` (`office_Location`),
  ADD KEY `complaint_ID` (`complaint_ID`);

--
-- Indexes for table `Incharge`
--
ALTER TABLE `Incharge`
  ADD PRIMARY KEY (`sr_no`);

--
-- Indexes for table `Manager`
--
ALTER TABLE `Manager`
  ADD PRIMARY KEY (`manager_no.`),
  ADD KEY `office_location` (`office_location`),
  ADD KEY `employee_ID` (`employee_ID`);

--
-- Indexes for table `NIN_info`
--
ALTER TABLE `NIN_info`
  ADD PRIMARY KEY (`NIN`);

--
-- Indexes for table `Office`
--
ALTER TABLE `Office`
  ADD PRIMARY KEY (`office_location`),
  ADD KEY `area` (`area`);

--
-- Indexes for table `Order`
--
ALTER TABLE `Order`
  ADD PRIMARY KEY (`order_ID`);

--
-- Indexes for table `Ordered_Product`
--
ALTER TABLE `Ordered_Product`
  ADD PRIMARY KEY (`order_ID`,`product_ID`) USING BTREE,
  ADD KEY `product_ID` (`product_ID`,`order_ID`) USING BTREE;

--
-- Indexes for table `Packagers`
--
ALTER TABLE `Packagers`
  ADD PRIMARY KEY (`s_no.`),
  ADD KEY `employee_ID` (`employee_ID`),
  ADD KEY `warehouse_ID` (`warehouse_ID`);

--
-- Indexes for table `Product`
--
ALTER TABLE `Product`
  ADD PRIMARY KEY (`product_ID`),
  ADD KEY `warehouse_ID` (`warehouse_ID`);

--
-- Indexes for table `Route`
--
ALTER TABLE `Route`
  ADD PRIMARY KEY (`route_ID`),
  ADD KEY `stop_locations` (`stop_locations`);

--
-- Indexes for table `Route_stops`
--
ALTER TABLE `Route_stops`
  ADD PRIMARY KEY (`stop_locations`);

--
-- Indexes for table `Vehicles`
--
ALTER TABLE `Vehicles`
  ADD PRIMARY KEY (`vehicle_ID`),
  ADD KEY `area` (`area`);

--
-- Indexes for table `Warehouse`
--
ALTER TABLE `Warehouse`
  ADD PRIMARY KEY (`warehouse_ID`),
  ADD KEY `area` (`area`);

--
-- AUTO_INCREMENT for dumped tables
--

--
-- AUTO_INCREMENT for table `Department_info`
--
ALTER TABLE `Department_info`
  MODIFY `department_number` int NOT NULL AUTO_INCREMENT, AUTO_INCREMENT=5;

--
-- AUTO_INCREMENT for table `Drivers`
--
ALTER TABLE `Drivers`
  MODIFY `s_no.` int NOT NULL AUTO_INCREMENT, AUTO_INCREMENT=256;

--
-- AUTO_INCREMENT for table `Emergency_Contact`
--
ALTER TABLE `Emergency_Contact`
  MODIFY `emergency_contact_ID` int NOT NULL AUTO_INCREMENT, AUTO_INCREMENT=1085;

--
-- AUTO_INCREMENT for table `HR`
--
ALTER TABLE `HR`
  MODIFY `s_no.` int NOT NULL AUTO_INCREMENT, AUTO_INCREMENT=128;

--
-- AUTO_INCREMENT for table `Incharge`
--
ALTER TABLE `Incharge`
  MODIFY `sr_no` int NOT NULL AUTO_INCREMENT, AUTO_INCREMENT=36;

--
-- AUTO_INCREMENT for table `Manager`
--
ALTER TABLE `Manager`
  MODIFY `manager_no.` int NOT NULL AUTO_INCREMENT, AUTO_INCREMENT=32;

--
-- AUTO_INCREMENT for table `Packagers`
--
ALTER TABLE `Packagers`
  MODIFY `s_no.` int NOT NULL AUTO_INCREMENT, AUTO_INCREMENT=256;

--
-- Constraints for dumped tables
--

--
-- Constraints for table `Complaint`
--
ALTER TABLE `Complaint`
  ADD CONSTRAINT `Complaint_ibfk_1` FOREIGN KEY (`customer_ID`) REFERENCES `customer` (`customer_ID`);

--
-- Constraints for table `Departments`
--
ALTER TABLE `Departments`
  ADD CONSTRAINT `Departments_ibfk_1` FOREIGN KEY (`department_number`) REFERENCES `Department_info` (`department_number`);

--
-- Constraints for table `Drivers`
--
ALTER TABLE `Drivers`
  ADD CONSTRAINT `Drivers_ibfk_1` FOREIGN KEY (`employee_ID`) REFERENCES `Employee` (`employee_ID`),
  ADD CONSTRAINT `Drivers_ibfk_2` FOREIGN KEY (`warehouse_ID`) REFERENCES `Warehouse` (`warehouse_ID`),
  ADD CONSTRAINT `Drivers_ibfk_3` FOREIGN KEY (`vehicle_ID`) REFERENCES `Vehicles` (`vehicle_ID`),
  ADD CONSTRAINT `Drivers_ibfk_4` FOREIGN KEY (`route_ID`) REFERENCES `Route` (`route_ID`),
  ADD CONSTRAINT `Drivers_ibfk_5` FOREIGN KEY (`employee_ID`) REFERENCES `Employee` (`employee_ID`),
  ADD CONSTRAINT `Drivers_ibfk_6` FOREIGN KEY (`warehouse_ID`) REFERENCES `Warehouse` (`warehouse_ID`),
  ADD CONSTRAINT `Drivers_ibfk_7` FOREIGN KEY (`vehicle_ID`) REFERENCES `Vehicles` (`vehicle_ID`),
  ADD CONSTRAINT `Drivers_ibfk_8` FOREIGN KEY (`route_ID`) REFERENCES `Route` (`route_ID`);

--
-- Constraints for table `Employee`
--
ALTER TABLE `Employee`
  ADD CONSTRAINT `Employee_ibfk_3` FOREIGN KEY (`NIN`) REFERENCES `NIN_info` (`NIN`);

--
-- Constraints for table `HR`
--
ALTER TABLE `HR`
  ADD CONSTRAINT `HR_ibfk_1` FOREIGN KEY (`employee_ID`) REFERENCES `Employee` (`employee_ID`),
  ADD CONSTRAINT `HR_ibfk_10` FOREIGN KEY (`employee_ID`) REFERENCES `Employee` (`employee_ID`),
  ADD CONSTRAINT `HR_ibfk_11` FOREIGN KEY (`office_Location`) REFERENCES `Office` (`office_location`),
  ADD CONSTRAINT `HR_ibfk_12` FOREIGN KEY (`complaint_ID`) REFERENCES `Complaint` (`complaint_ID`),
  ADD CONSTRAINT `HR_ibfk_13` FOREIGN KEY (`employee_ID`) REFERENCES `Employee` (`employee_ID`),
  ADD CONSTRAINT `HR_ibfk_14` FOREIGN KEY (`office_Location`) REFERENCES `Office` (`office_location`),
  ADD CONSTRAINT `HR_ibfk_15` FOREIGN KEY (`complaint_ID`) REFERENCES `Complaint` (`complaint_ID`),
  ADD CONSTRAINT `HR_ibfk_2` FOREIGN KEY (`office_Location`) REFERENCES `Office` (`office_location`),
  ADD CONSTRAINT `HR_ibfk_3` FOREIGN KEY (`complaint_ID`) REFERENCES `Complaint` (`complaint_ID`),
  ADD CONSTRAINT `HR_ibfk_4` FOREIGN KEY (`employee_ID`) REFERENCES `Employee` (`employee_ID`),
  ADD CONSTRAINT `HR_ibfk_5` FOREIGN KEY (`office_Location`) REFERENCES `Office` (`office_location`),
  ADD CONSTRAINT `HR_ibfk_6` FOREIGN KEY (`complaint_ID`) REFERENCES `Complaint` (`complaint_ID`),
  ADD CONSTRAINT `HR_ibfk_7` FOREIGN KEY (`employee_ID`) REFERENCES `Employee` (`employee_ID`),
  ADD CONSTRAINT `HR_ibfk_8` FOREIGN KEY (`office_Location`) REFERENCES `Office` (`office_location`),
  ADD CONSTRAINT `HR_ibfk_9` FOREIGN KEY (`complaint_ID`) REFERENCES `Complaint` (`complaint_ID`);

--
-- Constraints for table `Manager`
--
ALTER TABLE `Manager`
  ADD CONSTRAINT `Manager_ibfk_1` FOREIGN KEY (`office_location`) REFERENCES `Office` (`office_location`),
  ADD CONSTRAINT `Manager_ibfk_2` FOREIGN KEY (`employee_ID`) REFERENCES `Employee` (`employee_ID`),
  ADD CONSTRAINT `Manager_ibfk_3` FOREIGN KEY (`office_location`) REFERENCES `Office` (`office_location`),
  ADD CONSTRAINT `Manager_ibfk_4` FOREIGN KEY (`employee_ID`) REFERENCES `Employee` (`employee_ID`);

--
-- Constraints for table `Office`
--
ALTER TABLE `Office`
  ADD CONSTRAINT `Office_ibfk_1` FOREIGN KEY (`area`) REFERENCES `Area` (`area`),
  ADD CONSTRAINT `Office_ibfk_2` FOREIGN KEY (`area`) REFERENCES `Area` (`area`),
  ADD CONSTRAINT `Office_ibfk_3` FOREIGN KEY (`area`) REFERENCES `Area` (`area`);

--
-- Constraints for table `Order`
--
ALTER TABLE `Order`
  ADD CONSTRAINT `Order_ibfk_1` FOREIGN KEY (`order_ID`) REFERENCES `customer` (`order_ID`),
  ADD CONSTRAINT `Order_ibfk_2` FOREIGN KEY (`order_ID`) REFERENCES `customer` (`order_ID`);

--
-- Constraints for table `Ordered_Product`
--
ALTER TABLE `Ordered_Product`
  ADD CONSTRAINT `Ordered_Product_ibfk_1` FOREIGN KEY (`order_ID`) REFERENCES `Order` (`order_ID`),
  ADD CONSTRAINT `Ordered_Product_ibfk_2` FOREIGN KEY (`product_ID`) REFERENCES `Product` (`product_ID`),
  ADD CONSTRAINT `Ordered_Product_ibfk_3` FOREIGN KEY (`order_ID`) REFERENCES `Order` (`order_ID`),
  ADD CONSTRAINT `Ordered_Product_ibfk_4` FOREIGN KEY (`product_ID`) REFERENCES `Product` (`product_ID`);

--
-- Constraints for table `Packagers`
--
ALTER TABLE `Packagers`
  ADD CONSTRAINT `Packagers_ibfk_1` FOREIGN KEY (`employee_ID`) REFERENCES `Employee` (`employee_ID`),
  ADD CONSTRAINT `Packagers_ibfk_2` FOREIGN KEY (`warehouse_ID`) REFERENCES `Warehouse` (`warehouse_ID`),
  ADD CONSTRAINT `Packagers_ibfk_3` FOREIGN KEY (`employee_ID`) REFERENCES `Employee` (`employee_ID`),
  ADD CONSTRAINT `Packagers_ibfk_4` FOREIGN KEY (`warehouse_ID`) REFERENCES `Warehouse` (`warehouse_ID`);

--
-- Constraints for table `Product`
--
ALTER TABLE `Product`
  ADD CONSTRAINT `Product_ibfk_1` FOREIGN KEY (`warehouse_ID`) REFERENCES `Warehouse` (`warehouse_ID`),
  ADD CONSTRAINT `Product_ibfk_2` FOREIGN KEY (`warehouse_ID`) REFERENCES `Warehouse` (`warehouse_ID`);

--
-- Constraints for table `Route`
--
ALTER TABLE `Route`
  ADD CONSTRAINT `Route_ibfk_1` FOREIGN KEY (`stop_locations`) REFERENCES `Route_stops` (`stop_locations`),
  ADD CONSTRAINT `Route_ibfk_2` FOREIGN KEY (`stop_locations`) REFERENCES `Route_stops` (`stop_locations`);

--
-- Constraints for table `Vehicles`
--
ALTER TABLE `Vehicles`
  ADD CONSTRAINT `Vehicles_ibfk_1` FOREIGN KEY (`area`) REFERENCES `Area` (`area`),
  ADD CONSTRAINT `Vehicles_ibfk_2` FOREIGN KEY (`area`) REFERENCES `Area` (`area`);

--
-- Constraints for table `Warehouse`
--
ALTER TABLE `Warehouse`
  ADD CONSTRAINT `Warehouse_ibfk_1` FOREIGN KEY (`area`) REFERENCES `Area` (`area`),
  ADD CONSTRAINT `Warehouse_ibfk_2` FOREIGN KEY (`area`) REFERENCES `Area` (`area`);
COMMIT;
